period,partner_code,partner,value_usd,qty,qty_unit,net_wgt_kg,cif_usd,fob_usd
202401,0,World,105565611.0,0.0,N/A,,105565611.0,101404103.0
202401,699,India,102789489.0,1557.186,kg,1557.186,102789489.0,98684068.0
202401,376,Israel,1133026.0,17.581,kg,17.581,1133026.0,1108917.0
202401,124,Canada,739899.0,0.0,N/A,,739899.0,733914.0
202401,344,"China, Hong Kong SAR",174501.0,2.505,kg,2.505,174501.0,166182.0
202401,156,China,145806.0,1.686,kg,1.686,145806.0,142026.0
202401,360,Indonesia,125819.0,0.0,N/A,,125819.0,125752.0
202401,56,Belgium,111501.0,2.248,kg,2.248,111501.0,109649.0
202401,826,United Kingdom,62306.0,1.574,kg,1.574,62306.0,58373.0
202401,784,United Arab Emirates,50900.0,0.393,kg,0.393,50900.0,50000.0
202401,757,Switzerland,50150.0,0.0,N/A,,50150.0,49700.0
202401,764,Thailand,45468.0,1.438,kg,1.438,45468.0,44647.0
202401,276,Germany,39875.0,0.507,kg,0.507,39875.0,39175.0
202401,528,Netherlands,37926.0,0.0,N/A,,37926.0,36533.0
202401,40,Austria,37508.0,0.0,N/A,,37508.0,35080.0
202401,792,Türkiye,10450.0,0.0,N/A,,10450.0,10000.0
202401,251,France,6552.0,0.27,kg,0.27,6552.0,6102.0
202401,51,Armenia,4435.0,0.3,kg,0.3,4435.0,3985.0
202402,0,World,98434982.0,0.0,N/A,,98434982.0,95134936.0
202402,699,India,95514639.0,1449.69,kg,1449.69,95514639.0,92272170.0
202402,376,Israel,1421274.0,21.751,kg,21.751,1421274.0,1398287.0
202402,56,Belgium,658104.0,10.033,kg,10.033,658104.0,650558.0
202402,360,Indonesia,158955.0,0.0,N/A,,158955.0,158952.0
202402,344,"China, Hong Kong SAR",138143.0,2.397,kg,2.397,138143.0,130762.0
202402,826,United Kingdom,133483.0,0.0,N/A,,133483.0,129173.0
202402,124,Canada,124317.0,2.267,kg,2.267,124317.0,120927.0
202402,528,Netherlands,52238.0,0.0,N/A,,52238.0,49457.0
202402,156,China,49428.0,0.438,kg,0.438,49428.0,47267.0
202402,276,Germany,34735.0,0.452,kg,0.452,34735.0,34210.0
202402,410,Rep. of Korea,33035.0,1.5,kg,1.5,33035.0,32960.0
202402,710,South Africa,32529.0,0.0,N/A,,32529.0,32079.0
202402,40,Austria,25556.0,0.0,N/A,,25556.0,23225.0
202402,784,United Arab Emirates,16279.0,0.0,N/A,,16279.0,14769.0
202402,757,Switzerland,12705.0,0.037,kg,0.037,12705.0,12255.0
202402,792,Türkiye,10450.0,0.002,kg,0.002,10450.0,10000.0
202402,764,Thailand,9510.0,0.0,N/A,,9510.0,9057.0
202402,554,New Zealand,3764.0,0.0,N/A,,3764.0,3440.0
202402,702,Singapore,3700.0,0.0,N/A,,3700.0,3250.0
202402,36,Australia,2138.0,0.001,kg,0.001,2138.0,2138.0
202403,0,World,90231117.0,0.0,N/A,,90231117.0,86730683.0
202403,699,India,83234886.0,1261.759,kg,1261.759,83234886.0,79809374.0
202403,344,"China, Hong Kong SAR",3670253.0,55.198,kg,55.198,3670253.0,3658385.0
202403,376,Israel,2394110.0,37.011,kg,37.011,2394110.0,2357132.0
202403,56,Belgium,185633.0,4.475,kg,4.475,185633.0,182847.0
202403,764,Thailand,176217.0,0.0,N/A,,176217.0,174938.0
202403,156,China,167619.0,18.726,kg,18.726,167619.0,158085.0
202403,826,United Kingdom,70645.0,1.164,kg,1.164,70645.0,66508.0
202403,360,Indonesia,65253.0,0.0,N/A,,65253.0,65247.0
202403,392,Japan,56894.0,0.001,kg,0.001,56894.0,56444.0
202403,757,Switzerland,52725.0,0.0,N/A,,52725.0,52222.0
202403,528,Netherlands,47993.0,0.0,N/A,,47993.0,45574.0
202403,124,Canada,45093.0,0.0,N/A,,45093.0,42174.0
202403,380,Italy,17000.0,0.0,N/A,,17000.0,16550.0
202403,792,Türkiye,13800.0,0.0,N/A,,13800.0,12900.0
202403,410,Rep. of Korea,10978.0,9.12,kg,9.12,10978.0,10915.0
202403,40,Austria,8174.0,0.0,N/A,,8174.0,7850.0
202403,372,Ireland,8028.0,6.0,kg,6.0,8028.0,7797.0
202403,276,Germany,5816.0,0.2,kg,0.2,5816.0,5741.0
202404,0,World,87796008.0,0.0,N/A,,87796008.0,84046369.0
202404,699,India,77290492.0,1176.638,kg,1176.638,77290492.0,73688862.0
202404,56,Belgium,3874176.0,61.109,kg,61.109,3874176.0,3834951.0
202404,376,Israel,2392486.0,36.711,kg,36.711,2392486.0,2365773.0
202404,784,United Arab Emirates,1467995.0,0.0,N/A,,1467995.0,1467695.0
202404,344,"China, Hong Kong SAR",769374.0,11.188,kg,11.188,769374.0,711153.0
202404,124,Canada,734407.0,10.916,kg,10.916,734407.0,728443.0
202404,764,Thailand,515950.0,0.0,N/A,,515950.0,515122.0
202404,156,China,213016.0,3.665,kg,3.665,213016.0,206900.0
202404,276,Germany,194059.0,3.184,kg,3.184,194059.0,192709.0
202404,826,United Kingdom,87538.0,0.713,kg,0.713,87538.0,85277.0
202404,360,Indonesia,76328.0,0.0,N/A,,76328.0,76326.0
202404,528,Netherlands,49513.0,0.786,kg,0.786,49513.0,47047.0
202404,757,Switzerland,41676.0,0.0,N/A,,41676.0,41209.0
202404,40,Austria,33641.0,0.0,N/A,,33641.0,31485.0
202404,792,Türkiye,20550.0,0.0,N/A,,20550.0,20100.0
202404,410,Rep. of Korea,14727.0,4.68,kg,4.68,14727.0,14645.0
202404,36,Australia,11909.0,0.0,N/A,,11909.0,11176.0
202404,554,New Zealand,5548.0,4.961,kg,4.961,5548.0,5196.0
202404,516,Namibia,2623.0,0.0,N/A,,2623.0,2300.0
202405,0,World,97850305.0,0.0,N/A,,97850305.0,94393423.0
202405,699,India,92472718.0,1407.285,kg,1407.285,92472718.0,89167008.0
202405,376,Israel,2705505.0,40.662,kg,40.662,2705505.0,2669935.0
202405,344,"China, Hong Kong SAR",1034774.0,15.914,kg,15.914,1034774.0,946447.0
202405,276,Germany,358960.0,0.0,N/A,,358960.0,357637.0
202405,124,Canada,328338.0,5.433,kg,5.433,328338.0,323784.0
202405,56,Belgium,316193.0,4.59,kg,4.59,316193.0,312320.0
202405,156,China,165882.0,2.722,kg,2.722,165882.0,161006.0
202405,360,Indonesia,131171.0,0.0,N/A,,131171.0,131063.0
202405,764,Thailand,76638.0,1.582,kg,1.582,76638.0,75430.0
202405,826,United Kingdom,70794.0,0.0,N/A,,70794.0,66336.0
202405,528,Netherlands,57289.0,0.0,N/A,,57289.0,54496.0
202405,40,Austria,34894.0,0.0,N/A,,34894.0,33974.0
202405,757,Switzerland,33382.0,0.926,kg,0.926,33382.0,33132.0
202405,792,Türkiye,32050.0,0.025,kg,0.025,32050.0,31600.0
202405,36,Australia,11548.0,0.0,N/A,,11548.0,10304.0
202405,554,New Zealand,10970.0,5.3,kg,5.3,10970.0,10279.0
202405,784,United Arab Emirates,4667.0,0.0,N/A,,4667.0,4242.0
202405,702,Singapore,2350.0,0.0,N/A,,2350.0,2350.0
202405,392,Japan,2182.0,0.0,N/A,,2182.0,2080.0
202406,0,World,72985089.0,0.0,N/A,,72985089.0,70245593.0
202406,699,India,69076235.0,1050.796,kg,1050.796,69076235.0,66422714.0
202406,376,Israel,1249329.0,18.477,kg,18.477,1249329.0,1228750.0
202406,56,Belgium,1007282.0,15.175,kg,15.175,1007282.0,996905.0
202406,344,"China, Hong Kong SAR",537520.0,7.707,kg,7.707,537520.0,502246.0
202406,764,Thailand,343960.0,5.063,kg,5.063,343960.0,342455.0
202406,276,Germany,177805.0,2.636,kg,2.636,177805.0,176455.0
202406,156,China,121515.0,1.613,kg,1.613,121515.0,117976.0
202406,360,Indonesia,98497.0,0.0,N/A,,98497.0,98315.0
202406,826,United Kingdom,97708.0,3.001,kg,3.001,97708.0,93350.0
202406,72,Botswana,87314.0,0.014,kg,0.014,87314.0,86864.0
202406,124,Canada,48488.0,0.0,N/A,,48488.0,45734.0
202406,528,Netherlands,46950.0,0.0,N/A,,46950.0,45253.0
202406,757,Switzerland,45983.0,0.764,kg,0.764,45983.0,44697.0
202406,710,South Africa,17092.0,0.0,N/A,,17092.0,16492.0
202406,40,Austria,13860.0,0.0,N/A,,13860.0,12736.0
202406,251,France,8390.0,0.64,kg,0.64,8390.0,7940.0
202406,36,Australia,4812.0,0.0,N/A,,4812.0,4362.0
202406,784,United Arab Emirates,2349.0,0.0,N/A,,2349.0,2349.0
202407,0,World,84809491.0,0.0,N/A,,84809491.0,81544821.0
202407,699,India,78359487.0,672.27,kg,672.27,78359487.0,75203535.0
202407,56,Belgium,1944922.0,16.864,kg,16.864,1944922.0,1924382.0
202407,764,Thailand,1565960.0,0.0,N/A,,1565960.0,1564657.0
202407,376,Israel,1309715.0,11.627,kg,11.627,1309715.0,1278086.0
202407,344,"China, Hong Kong SAR",406343.0,3.815,kg,3.815,406343.0,377238.0
202407,124,Canada,282793.0,0.0,N/A,,282793.0,276402.0
202407,360,Indonesia,226085.0,0.0,N/A,,226085.0,226000.0
202407,156,China,217432.0,6.357,kg,6.357,217432.0,211079.0
202407,276,Germany,144904.0,2.05,kg,2.05,144904.0,143104.0
202407,826,United Kingdom,121261.0,1.597,kg,1.597,121261.0,117561.0
202407,784,United Arab Emirates,106373.0,0.0,N/A,,106373.0,106073.0
202407,528,Netherlands,37349.0,0.779,kg,0.779,37349.0,35058.0
202407,40,Austria,28954.0,0.0,N/A,,28954.0,26631.0
202407,36,Australia,24214.0,0.0,N/A,,24214.0,23314.0
202407,757,Switzerland,10613.0,0.0,N/A,,10613.0,10163.0
202407,352,Iceland,6775.0,0.5,kg,0.5,6775.0,6325.0
202407,702,Singapore,5481.0,0.0,N/A,,5481.0,5253.0
202407,704,Viet Nam,5450.0,0.0,N/A,,5450.0,5000.0
202407,554,New Zealand,5380.0,0.0,N/A,,5380.0,4960.0
202408,0,World,78678795.0,0.0,N/A,,78678795.0,75531756.0
202408,699,India,73456749.0,632.106,kg,632.106,73456749.0,70358837.0
202408,764,Thailand,3219512.0,0.0,N/A,,3219512.0,3218911.0
202408,376,Israel,775810.0,6.608,kg,6.608,775810.0,751432.0
202408,276,Germany,251057.0,0.0,N/A,,251057.0,249707.0
202408,344,"China, Hong Kong SAR",187353.0,1.451,kg,1.451,187353.0,184234.0
202408,124,Canada,184569.0,0.0,N/A,,184569.0,178696.0
202408,360,Indonesia,144091.0,0.0,N/A,,144091.0,143908.0
202408,710,South Africa,134030.0,0.0,N/A,,134030.0,133730.0
202408,156,China,109907.0,0.908,kg,0.908,109907.0,104779.0
202408,826,United Kingdom,79080.0,0.598,kg,0.598,79080.0,75032.0
202408,56,Belgium,68636.0,0.305,kg,0.305,68636.0,66786.0
202408,528,Netherlands,18441.0,0.0,N/A,,18441.0,17659.0
202408,792,Türkiye,15101.0,0.0,N/A,,15101.0,15100.0
202408,40,Austria,12670.0,0.0,N/A,,12670.0,12295.0
202408,757,Switzerland,11239.0,0.0,N/A,,11239.0,11000.0
202408,484,Mexico,5684.0,3.0,kg,3.0,5684.0,5234.0
202408,36,Australia,4866.0,0.5,kg,0.5,4866.0,4416.0
202409,0,World,95462534.0,0.0,N/A,,95462534.0,91203684.0
202409,699,India,83009727.0,719.894,kg,719.894,83009727.0,78843421.0
202409,764,Thailand,6884107.0,0.0,N/A,,6884107.0,6881018.0
202409,56,Belgium,2580888.0,22.026,kg,22.026,2580888.0,2554916.0
202409,376,Israel,1040259.0,9.849,kg,9.849,1040259.0,1006806.0
202409,124,Canada,1033532.0,9.225,kg,9.225,1033532.0,1024609.0
202409,360,Indonesia,337834.0,0.0,N/A,,337834.0,337538.0
202409,156,China,175878.0,1.644,kg,1.644,175878.0,170310.0
202409,826,United Kingdom,109988.0,0.0,N/A,,109988.0,105798.0
202409,344,"China, Hong Kong SAR",99531.0,1.819,kg,1.819,99531.0,96503.0
202409,528,Netherlands,35387.0,0.0,N/A,,35387.0,33711.0
202409,276,Germany,30846.0,0.054,kg,0.054,30846.0,29943.0
202409,757,Switzerland,21050.0,0.0,N/A,,21050.0,20600.0
202409,410,Rep. of Korea,20040.0,23.0,kg,23.0,20040.0,19965.0
202409,40,Austria,18848.0,0.0,N/A,,18848.0,17409.0
202409,792,Türkiye,17230.0,0.0,N/A,,17230.0,16780.0
202409,784,United Arab Emirates,9282.0,0.0,N/A,,9282.0,9043.0
202409,36,Australia,8988.0,0.0,N/A,,8988.0,8538.0
202409,72,Botswana,7647.0,0.0,N/A,,7647.0,6952.0
202409,380,Italy,7096.0,0.04,kg,0.04,7096.0,6646.0
202409,702,Singapore,6170.0,1.0,kg,1.0,6170.0,5720.0
202409,554,New Zealand,5156.0,2.3,kg,2.3,5156.0,4858.0
202409,392,Japan,3050.0,0.5,kg,0.5,3050.0,2600.0
202410,0,World,112149602.0,0.0,N/A,,112149602.0,107622764.0
202410,699,India,100329879.0,867.028,kg,867.028,100329879.0,96059706.0
202410,764,Thailand,6538789.0,56.268,kg,56.268,6538789.0,6536821.0
202410,344,"China, Hong Kong SAR",2429465.0,20.81,kg,20.81,2429465.0,2218102.0
202410,376,Israel,688866.0,7.635,kg,7.635,688866.0,678101.0
202410,784,United Arab Emirates,573692.0,4.838,kg,4.838,573692.0,567036.0
202410,124,Canada,460184.0,0.0,N/A,,460184.0,454226.0
202410,276,Germany,283852.0,0.353,kg,0.353,283852.0,282752.0
202410,360,Indonesia,225632.0,0.0,N/A,,225632.0,225460.0
202410,156,China,211210.0,10.585,kg,10.585,211210.0,204982.0
202410,56,Belgium,127096.0,0.951,kg,0.951,127096.0,124899.0
202410,757,Switzerland,89323.0,0.0,N/A,,89323.0,88438.0
202410,826,United Kingdom,66667.0,1.192,kg,1.192,66667.0,63136.0
202410,392,Japan,41619.0,0.421,kg,0.421,41619.0,41378.0
202410,528,Netherlands,37530.0,0.301,kg,0.301,37530.0,35302.0
202410,40,Austria,26038.0,0.0,N/A,,26038.0,24229.0
202410,702,Singapore,12233.0,0.0,N/A,,12233.0,11333.0
202410,36,Australia,5324.0,0.0,N/A,,5324.0,4660.0
202410,51,Armenia,2203.0,0.0,N/A,,2203.0,2203.0
202411,0,World,64263359.0,0.0,N/A,,64263359.0,61619964.0
202411,699,India,53690162.0,460.997,kg,460.997,53690162.0,51095968.0
202411,764,Thailand,7912550.0,0.0,N/A,,7912550.0,7910458.0
202411,124,Canada,784377.0,0.0,N/A,,784377.0,777627.0
202411,376,Israel,745362.0,7.097,kg,7.097,745362.0,733434.0
202411,276,Germany,244709.0,2.042,kg,2.042,244709.0,242459.0
202411,784,United Arab Emirates,216015.0,0.0,N/A,,216015.0,213112.0
202411,344,"China, Hong Kong SAR",126918.0,1.55,kg,1.55,126918.0,124267.0
202411,528,Netherlands,116055.0,0.94,kg,0.94,116055.0,112238.0
202411,360,Indonesia,114880.0,0.0,N/A,,114880.0,114579.0
202411,156,China,103944.0,42.182,kg,42.182,103944.0,100099.0
202411,826,United Kingdom,70905.0,1.436,kg,1.436,70905.0,66055.0
202411,56,Belgium,40882.0,1.085,kg,1.085,40882.0,38632.0
202411,51,Armenia,23055.0,0.0,N/A,,23055.0,22155.0
202411,702,Singapore,20687.0,0.147,kg,0.147,20687.0,19337.0
202411,792,Türkiye,15450.0,0.0,N/A,,15450.0,15000.0
202411,36,Australia,11501.0,0.0,N/A,,11501.0,10609.0
202411,392,Japan,8213.0,0.51,kg,0.51,8213.0,7313.0
202411,40,Austria,8104.0,0.0,N/A,,8104.0,7530.0
202411,757,Switzerland,4826.0,0.0,N/A,,4826.0,4778.0
202411,554,New Zealand,4764.0,7.1,kg,7.1,4764.0,4314.0
202412,0,World,78783269.0,0.0,N/A,,78783269.0,75679266.0
202412,699,India,76379571.0,655.033,kg,655.033,76379571.0,73304237.0
202412,764,Thailand,708493.0,6.003,kg,6.003,708493.0,707053.0
202412,376,Israel,662077.0,5.482,kg,5.482,662077.0,649546.0
202412,124,Canada,468496.0,0.0,N/A,,468496.0,463588.0
202412,344,"China, Hong Kong SAR",115512.0,0.876,kg,0.876,115512.0,113309.0
202412,418,Lao People's Dem. Rep.,111920.0,0.0,N/A,,111920.0,111741.0
202412,528,Netherlands,92742.0,0.817,kg,0.817,92742.0,91033.0
202412,360,Indonesia,82578.0,0.0,N/A,,82578.0,82433.0
202412,156,China,57760.0,0.473,kg,0.473,57760.0,56035.0
202412,826,United Kingdom,43892.0,0.298,kg,0.298,43892.0,42450.0
202412,792,Türkiye,32972.0,0.0,N/A,,32972.0,32356.0
202412,40,Austria,12784.0,0.0,N/A,,12784.0,11943.0
202412,702,Singapore,5902.0,0.0,N/A,,5902.0,5452.0
202412,784,United Arab Emirates,3421.0,0.0,N/A,,3421.0,3007.0
202412,757,Switzerland,3066.0,0.0,N/A,,3066.0,3000.0
202412,704,Viet Nam,2083.0,0.2,kg,0.2,2083.0,2083.0
202501,0,World,69206918.0,0.0,N/A,,69206918.0,66022294.0
202501,699,India,66988996.0,574.609,kg,574.609,66988996.0,63838709.0
202501,376,Israel,716471.0,7.518,kg,7.518,716471.0,706852.0
202501,156,China,345041.0,159.276,kg,159.276,345041.0,339342.0
202501,276,Germany,279966.0,1.732,kg,1.732,279966.0,278165.0
202501,124,Canada,244988.0,0.0,N/A,,244988.0,241964.0
202501,826,United Kingdom,149802.0,1.137,kg,1.137,149802.0,145458.0
202501,344,"China, Hong Kong SAR",101402.0,0.87,kg,0.87,101402.0,100208.0
202501,360,Indonesia,90329.0,0.0,N/A,,90329.0,90134.0
202501,56,Belgium,78405.0,1.315,kg,1.315,78405.0,77014.0
202501,528,Netherlands,55384.0,0.0,N/A,,55384.0,52607.0
202501,764,Thailand,46602.0,0.375,kg,0.375,46602.0,45651.0
202501,792,Türkiye,38753.0,0.77,kg,0.77,38753.0,38160.0
202501,392,Japan,20353.0,0.33,kg,0.33,20353.0,19453.0
202501,40,Austria,19846.0,0.0,N/A,,19846.0,18948.0
202501,418,Lao People's Dem. Rep.,11443.0,0.0,N/A,,11443.0,11429.0
202501,36,Australia,10176.0,0.0,N/A,,10176.0,9726.0
202501,784,United Arab Emirates,5237.0,0.0,N/A,,5237.0,4913.0
202501,484,Mexico,3724.0,0.0,N/A,,3724.0,3561.0
202502,0,World,81773020.0,0.0,N/A,,81773020.0,78588702.0
202502,699,India,71392046.0,617.82,kg,617.82,71392046.0,68243794.0
202502,764,Thailand,8766578.0,0.0,N/A,,8766578.0,8762002.0
202502,376,Israel,552790.0,5.647,kg,5.647,552790.0,543335.0
202502,276,Germany,331718.0,2.578,kg,2.578,331718.0,329917.0
202502,124,Canada,118887.0,0.942,kg,0.942,118887.0,113687.0
202502,344,"China, Hong Kong SAR",115655.0,0.935,kg,0.935,115655.0,113217.0
202502,56,Belgium,96574.0,0.362,kg,0.362,96574.0,95383.0
202502,392,Japan,67950.0,0.03,kg,0.03,67950.0,67500.0
202502,360,Indonesia,67018.0,0.0,N/A,,67018.0,66747.0
202502,528,Netherlands,56288.0,0.622,kg,0.622,56288.0,54682.0
202502,826,United Kingdom,54909.0,0.492,kg,0.492,54909.0,51492.0
202502,156,China,54840.0,0.773,kg,0.773,54840.0,52800.0
202502,792,Türkiye,30450.0,0.0,N/A,,30450.0,30000.0
202502,757,Switzerland,15304.0,0.043,kg,0.043,15304.0,15204.0
202502,710,South Africa,12463.0,0.0,N/A,,12463.0,12163.0
202502,40,Austria,12131.0,0.0,N/A,,12131.0,11189.0
202502,784,United Arab Emirates,8238.0,0.0,N/A,,8238.0,7788.0
202502,702,Singapore,7809.0,0.0,N/A,,7809.0,6909.0
202502,36,Australia,6270.0,0.0,N/A,,6270.0,6208.0
202502,554,New Zealand,2764.0,1.4,kg,1.4,2764.0,2347.0
202502,51,Armenia,2338.0,0.0,N/A,,2338.0,2338.0
202503,0,World,111840043.0,0.0,N/A,,111840043.0,106653177.0
202503,699,India,103664214.0,892.97,kg,892.97,103664214.0,98528655.0
202503,764,Thailand,6553815.0,0.0,N/A,,6553815.0,6553675.0
202503,124,Canada,405034.0,4.936,kg,4.936,405034.0,400856.0
202503,376,Israel,312014.0,2.634,kg,2.634,312014.0,304365.0
202503,276,Germany,151638.0,0.0,N/A,,151638.0,150738.0
202503,528,Netherlands,106599.0,0.795,kg,0.795,106599.0,103376.0
202503,826,United Kingdom,101112.0,1.289,kg,1.289,101112.0,94878.0
202503,156,China,88294.0,1.491,kg,1.491,88294.0,82706.0
202503,392,Japan,83029.0,1.275,kg,1.275,83029.0,81228.0
202503,56,Belgium,77381.0,1.572,kg,1.572,77381.0,75260.0
202503,360,Indonesia,76694.0,0.0,N/A,,76694.0,76619.0
202503,344,"China, Hong Kong SAR",71288.0,1.087,kg,1.087,71288.0,70347.0
202503,480,Mauritius,55406.0,0.0,N/A,,55406.0,42620.0
202503,792,Türkiye,34970.0,0.0,N/A,,34970.0,34070.0
202503,40,Austria,24598.0,0.0,N/A,,24598.0,22535.0
202503,36,Australia,19262.0,0.618,kg,0.618,19262.0,17462.0
202503,702,Singapore,9429.0,0.0,N/A,,9429.0,8914.0
202503,554,New Zealand,3234.0,1.6,kg,1.6,3234.0,2841.0
202503,72,Botswana,2032.0,0.0,N/A,,2032.0,2032.0
202504,0,World,87229034.0,0.0,N/A,,87229034.0,85829629.0
202504,699,India,78725325.0,678.978,kg,678.978,78725325.0,77366149.0
202504,764,Thailand,7270963.0,0.0,N/A,,7270963.0,7269831.0
202504,376,Israel,285578.0,2.877,kg,2.877,285578.0,276553.0
202504,276,Germany,197174.0,0.0,N/A,,197174.0,195824.0
202504,124,Canada,128230.0,1.437,kg,1.437,128230.0,123386.0
202504,826,United Kingdom,120674.0,2.234,kg,2.234,120674.0,117034.0
202504,784,United Arab Emirates,90769.0,0.0,N/A,,90769.0,90015.0
202504,528,Netherlands,85100.0,0.722,kg,0.722,85100.0,80966.0
202504,56,Belgium,63090.0,1.382,kg,1.382,63090.0,62162.0
202504,344,"China, Hong Kong SAR",57076.0,0.078,kg,0.078,57076.0,56301.0
202504,156,China,42271.0,8.502,kg,8.502,42271.0,38719.0
202504,392,Japan,35378.0,0.02,kg,0.02,35378.0,34478.0
202504,40,Austria,34716.0,0.0,N/A,,34716.0,31206.0
202504,36,Australia,26549.0,0.19,kg,0.19,26549.0,24143.0
202504,804,Ukraine,16263.0,0.0,N/A,,16263.0,15363.0
202504,724,Spain,13650.0,1.0,kg,1.0,13650.0,13200.0
202504,360,Indonesia,11534.0,0.0,N/A,,11534.0,11505.0
202504,251,France,10673.0,1.042,kg,1.042,10673.0,9773.0
202504,757,Switzerland,6508.0,0.0,N/A,,6508.0,6058.0
202504,372,Ireland,4950.0,0.5,kg,0.5,4950.0,4500.0
202504,490,"Other Asia, nes",2563.0,1.0,kg,1.0,2563.0,2463.0
202505,0,World,36090975.0,0.0,N/A,,36090975.0,35746129.0
202505,699,India,34895609.0,301.813,kg,301.813,34895609.0,34577989.0
202505,124,Canada,455400.0,4.441,kg,4.441,455400.0,451916.0
202505,376,Israel,254526.0,2.845,kg,2.845,254526.0,248788.0
202505,764,Thailand,109978.0,1.796,kg,1.796,109978.0,108913.0
202505,826,United Kingdom,67674.0,0.512,kg,0.512,67674.0,65060.0
202505,528,Netherlands,65111.0,4.211,kg,4.211,65111.0,61810.0
202505,757,Switzerland,42683.0,0.337,kg,0.337,42683.0,42133.0
202505,792,Türkiye,38510.0,0.456,kg,0.456,38510.0,37160.0
202505,36,Australia,24621.0,0.0,N/A,,24621.0,23091.0
202505,251,France,22924.0,0.0,N/A,,22924.0,22474.0
202505,276,Germany,20169.0,0.136,kg,0.136,20169.0,18819.0
202505,702,Singapore,16824.0,0.0,N/A,,16824.0,15474.0
202505,156,China,16395.0,0.22,kg,0.22,16395.0,15945.0
202505,40,Austria,15545.0,0.0,N/A,,15545.0,14045.0
202505,56,Belgium,12529.0,1.272,kg,1.272,12529.0,11629.0
202505,392,Japan,12200.0,0.01,kg,0.01,12200.0,11750.0
202505,410,Rep. of Korea,11700.0,2.05,kg,2.05,11700.0,11250.0
202505,344,"China, Hong Kong SAR",5960.0,0.0,N/A,,5960.0,5510.0
202505,554,New Zealand,2617.0,1.1,kg,1.1,2617.0,2373.0
202506,0,World,32251254.0,0.0,N/A,,32251254.0,32086439.0
202506,699,India,31326542.0,271.555,kg,271.555,31326542.0,31187750.0
202506,124,Canada,469195.0,3.881,kg,3.881,469195.0,465219.0
202506,376,Israel,118941.0,1.43,kg,1.43,118941.0,114031.0
202506,826,United Kingdom,81051.0,1.514,kg,1.514,81051.0,77216.0
202506,276,Germany,76435.0,1.402,kg,1.402,76435.0,74633.0
202506,528,Netherlands,55045.0,0.0,N/A,,55045.0,51705.0
202506,156,China,31247.0,10.496,kg,10.496,31247.0,28847.0
202506,40,Austria,28283.0,0.0,N/A,,28283.0,26827.0
202506,764,Thailand,23211.0,0.022,kg,0.022,23211.0,22507.0
202506,344,"China, Hong Kong SAR",12491.0,0.0,N/A,,12491.0,11591.0
202506,36,Australia,7867.0,0.488,kg,0.488,7867.0,6967.0
202506,56,Belgium,6016.0,1.0,kg,1.0,6016.0,5566.0
202506,792,Türkiye,6000.0,0.0,N/A,,6000.0,5550.0
202506,757,Switzerland,5361.0,0.4,kg,0.4,5361.0,4911.0
202506,702,Singapore,3569.0,1.0,kg,1.0,3569.0,3119.0
202507,0,World,67849154.0,0.0,N/A,,67849154.0,67649786.0
202507,699,India,64885930.0,564.66,kg,564.66,64885930.0,64723471.0
202507,764,Thailand,1272006.0,11.448,kg,11.448,1272006.0,1271152.0
202507,784,United Arab Emirates,806570.0,0.0,N/A,,806570.0,795569.0
202507,124,Canada,313627.0,2.652,kg,2.652,313627.0,309863.0
202507,276,Germany,125185.0,0.0,N/A,,125185.0,124285.0
202507,826,United Kingdom,94613.0,2.075,kg,2.075,94613.0,89551.0
202507,528,Netherlands,94377.0,1.032,kg,1.032,94377.0,90798.0
202507,376,Israel,91722.0,0.739,kg,0.739,91722.0,89576.0
202507,156,China,59096.0,5.144,kg,5.144,59096.0,55554.0
202507,56,Belgium,54545.0,2.276,kg,2.276,54545.0,52536.0
202507,702,Singapore,18772.0,1.575,kg,1.575,18772.0,16972.0
202507,40,Austria,15119.0,0.0,N/A,,15119.0,13851.0
202507,208,Denmark,8771.0,0.0,N/A,,8771.0,8687.0
202507,757,Switzerland,5269.0,0.4,kg,0.4,5269.0,4819.0
202507,554,New Zealand,3552.0,2.45,kg,2.45,3552.0,3102.0
202508,0,World,52398107.0,0.0,N/A,,52398107.0,52229577.0
202508,699,India,51649398.0,283.035,kg,283.035,51649398.0,51507186.0
202508,124,Canada,223351.0,0.0,N/A,,223351.0,222060.0
202508,276,Germany,82281.0,1.658,kg,1.658,82281.0,81346.0
202508,528,Netherlands,55762.0,0.0,N/A,,55762.0,50712.0
202508,826,United Kingdom,50599.0,0.738,kg,0.738,50599.0,46947.0
202508,724,Spain,50450.0,0.0,N/A,,50450.0,50000.0
202508,40,Austria,45145.0,0.0,N/A,,45145.0,41702.0
202508,757,Switzerland,42574.0,0.4,kg,0.4,42574.0,42124.0
202508,784,United Arab Emirates,38943.0,0.0,N/A,,38943.0,36443.0
202508,376,Israel,32728.0,0.654,kg,0.654,32728.0,30874.0
202508,392,Japan,19450.0,0.1,kg,0.1,19450.0,19000.0
202508,36,Australia,18803.0,0.014,kg,0.014,18803.0,18456.0
202508,156,China,17349.0,0.282,kg,0.282,17349.0,16437.0
202508,56,Belgium,15566.0,1.042,kg,1.042,15566.0,14566.0
202508,764,Thailand,12719.0,0.242,kg,0.242,12719.0,12561.0
202508,344,"China, Hong Kong SAR",12047.0,0.336,kg,0.336,12047.0,10921.0
202508,554,New Zealand,9585.0,2.309,kg,2.309,9585.0,8235.0
202508,251,France,8537.0,0.0,N/A,,8537.0,8087.0
202508,702,Singapore,6420.0,2.0,kg,2.0,6420.0,5970.0
202508,792,Türkiye,6400.0,0.13,kg,0.13,6400.0,5950.0
202509,0,World,6499574.0,0.0,N/A,,6499574.0,6403457.0
202509,699,India,4491623.0,25.651,kg,25.651,4491623.0,4435364.0
202509,784,United Arab Emirates,1311957.0,0.0,N/A,,1311957.0,1290092.0
202509,124,Canada,206425.0,1.091,kg,1.091,206425.0,203843.0
202509,56,Belgium,196725.0,2.345,kg,2.345,196725.0,194800.0
202509,376,Israel,84742.0,0.436,kg,0.436,84742.0,81998.0
202509,826,United Kingdom,63196.0,0.389,kg,0.389,63196.0,61006.0
202509,528,Netherlands,29630.0,1.987,kg,1.987,29630.0,27652.0
202509,764,Thailand,28546.0,0.0,N/A,,28546.0,28324.0
202509,392,Japan,25217.0,2.0,kg,2.0,25217.0,23847.0
202509,40,Austria,17916.0,0.0,N/A,,17916.0,16274.0
202509,276,Germany,13794.0,0.159,kg,0.159,13794.0,12819.0
202509,36,Australia,13625.0,0.0,N/A,,13625.0,12610.0
202509,702,Singapore,6886.0,0.0,N/A,,6886.0,6436.0
202509,156,China,6195.0,0.56,kg,0.56,6195.0,5745.0
202509,344,"China, Hong Kong SAR",3097.0,0.0,N/A,,3097.0,2647.0
202510,0,World,8991092.0,0.0,N/A,,8991092.0,8896006.0
202510,699,India,5483905.0,30.323,kg,30.323,5483905.0,5431645.0
202510,784,United Arab Emirates,1522215.0,8.589,kg,8.589,1522215.0,1506505.0
202510,764,Thailand,1081933.0,0.0,N/A,,1081933.0,1079464.0
202510,124,Canada,150343.0,0.0,N/A,,150343.0,148884.0
202510,156,China,131912.0,9.517,kg,9.517,131912.0,129214.0
202510,826,United Kingdom,124675.0,0.929,kg,0.929,124675.0,120020.0
202510,56,Belgium,119732.0,2.387,kg,2.387,119732.0,117932.0
202510,376,Israel,114156.0,1.005,kg,1.005,114156.0,111883.0
202510,276,Germany,101684.0,31.762,kg,31.762,101684.0,99684.0
202510,528,Netherlands,57309.0,0.25,kg,0.25,57309.0,54768.0
202510,40,Austria,29005.0,0.0,N/A,,29005.0,26291.0
202510,724,Spain,25443.0,0.198,kg,0.198,25443.0,24993.0
202510,392,Japan,15944.0,1.864,kg,1.864,15944.0,15094.0
202510,344,"China, Hong Kong SAR",12122.0,0.0,N/A,,12122.0,11077.0
202510,792,Türkiye,6850.0,0.0,N/A,,6850.0,6400.0
202510,36,Australia,6282.0,0.0,N/A,,6282.0,5470.0
202510,380,Italy,4449.0,0.0,N/A,,4449.0,3999.0
202510,554,New Zealand,3133.0,0.003,kg,0.003,3133.0,2683.0
202511,0,World,6833432.0,0.0,N/A,,6833432.0,6740943.0
202511,699,India,4663322.0,25.53,kg,25.53,4663322.0,4605616.0
202511,784,United Arab Emirates,913342.0,0.0,N/A,,913342.0,905215.0
202511,764,Thailand,550098.0,3.071,kg,3.071,550098.0,547598.0
202511,124,Canada,282628.0,0.0,N/A,,282628.0,281178.0
202511,376,Israel,109579.0,1.0,kg,1.0,109579.0,105111.0
202511,156,China,72447.0,0.666,kg,0.666,72447.0,70411.0
202511,528,Netherlands,57700.0,0.269,kg,0.269,57700.0,52032.0
202511,826,United Kingdom,47998.0,0.238,kg,0.238,47998.0,45427.0
202511,40,Austria,28798.0,0.0,N/A,,28798.0,26205.0
202511,392,Japan,26403.0,0.158,kg,0.158,26403.0,24633.0
202511,792,Türkiye,25000.0,0.0,N/A,,25000.0,24100.0
202511,757,Switzerland,19137.0,1.0,kg,1.0,19137.0,18687.0
202511,56,Belgium,17495.0,0.002,kg,0.002,17495.0,16595.0
202511,276,Germany,10847.0,0.0,N/A,,10847.0,10397.0
202511,344,"China, Hong Kong SAR",3226.0,1.0,kg,1.0,3226.0,2776.0
202511,51,Armenia,3100.0,0.0,N/A,,3100.0,2650.0
202511,36,Australia,2312.0,0.0,N/A,,2312.0,2312.0
202512,0,World,7527509.0,0.0,N/A,,7527509.0,7407221.0
202512,699,India,4907109.0,27.712,kg,27.712,4907109.0,4836127.0
202512,784,United Arab Emirates,1108733.0,0.0,N/A,,1108733.0,1089753.0
202512,764,Thailand,691769.0,0.0,N/A,,691769.0,689120.0
202512,124,Canada,270076.0,0.0,N/A,,270076.0,266121.0
202512,156,China,104580.0,0.0,N/A,,104580.0,101605.0
202512,56,Belgium,89549.0,3.029,kg,3.029,89549.0,85764.0
202512,376,Israel,72066.0,0.0,N/A,,72066.0,68372.0
202512,528,Netherlands,65612.0,0.5,kg,0.5,65612.0,62567.0
202512,344,"China, Hong Kong SAR",41662.0,0.182,kg,0.182,41662.0,40230.0
202512,826,United Kingdom,38633.0,0.186,kg,0.186,38633.0,36912.0
202512,392,Japan,35277.0,0.579,kg,0.579,35277.0,34527.0
202512,40,Austria,23711.0,0.0,N/A,,23711.0,21555.0
202512,276,Germany,18575.0,0.0,N/A,,18575.0,17675.0
202512,792,Türkiye,16650.0,0.0,N/A,,16650.0,16200.0
202512,484,Mexico,12899.0,1.071,kg,1.071,12899.0,12852.0
202512,51,Armenia,11583.0,0.0,N/A,,11583.0,10683.0
202512,32,Argentina,4945.0,0.0,N/A,,4945.0,4495.0
202512,702,Singapore,4109.0,0.0,N/A,,4109.0,3659.0
202512,36,Australia,3950.0,0.0,N/A,,3950.0,3500.0
202512,490,"Other Asia, nes",3067.0,0.0,N/A,,3067.0,3000.0
202512,251,France,2954.0,0.0,N/A,,2954.0,2504.0
202601,0,World,5383386.0,0.0,N/A,,5383386.0,5306874.0
202601,699,India,2992271.0,19.824,kg,19.824,2992271.0,2940277.0
202601,784,United Arab Emirates,1607205.0,0.0,N/A,,1607205.0,1596719.0
202601,764,Thailand,297738.0,1.689,kg,1.689,297738.0,294401.0
202601,124,Canada,153108.0,0.0,N/A,,153108.0,151790.0
202601,156,China,130739.0,5.471,kg,5.471,130739.0,128627.0
202601,376,Israel,88187.0,0.0,N/A,,88187.0,85015.0
202601,56,Belgium,32863.0,1.02,kg,1.02,32863.0,31929.0
202601,792,Türkiye,16650.0,0.0,N/A,,16650.0,16200.0
202601,276,Germany,13605.0,2.534,kg,2.534,13605.0,13080.0
202601,344,"China, Hong Kong SAR",12686.0,0.0,N/A,,12686.0,12152.0
202601,372,Ireland,11358.0,0.0,N/A,,11358.0,11050.0
202601,826,United Kingdom,11250.0,0.06,kg,0.06,11250.0,10800.0
202601,40,Austria,5950.0,0.0,N/A,,5950.0,5650.0
202601,51,Armenia,5534.0,0.0,N/A,,5534.0,5084.0
202601,380,Italy,4242.0,0.0,N/A,,4242.0,4100.0
202602,0,World,16365279.0,0.0,N/A,,16365279.0,16275332.0
202602,699,India,13344085.0,73.391,kg,73.391,13344085.0,13286233.0
202602,784,United Arab Emirates,2193709.0,0.0,N/A,,2193709.0,2181200.0
202602,376,Israel,322487.0,1.727,kg,1.727,322487.0,317944.0
202602,124,Canada,128245.0,1.049,kg,1.049,128245.0,125982.0
202602,764,Thailand,96154.0,0.0,N/A,,96154.0,95045.0
202602,392,Japan,67050.0,0.6,kg,0.6,67050.0,65200.0
202602,276,Germany,44191.0,0.408,kg,0.408,44191.0,43290.0
202602,56,Belgium,38408.0,2.002,kg,2.002,38408.0,36956.0
202602,40,Austria,29433.0,0.0,N/A,,29433.0,26975.0
202602,156,China,27235.0,0.311,kg,0.311,27235.0,25704.0
202602,36,Australia,24991.0,0.0,N/A,,24991.0,24806.0
202602,792,Türkiye,16650.0,0.0,N/A,,16650.0,16200.0
202602,344,"China, Hong Kong SAR",15576.0,0.0,N/A,,15576.0,14532.0
202602,757,Switzerland,9550.0,0.025,kg,0.025,9550.0,8650.0
202602,702,Singapore,7515.0,0.0,N/A,,7515.0,6615.0
202603,0,World,20876471.0,0.0,N/A,,20876471.0,20749890.0
202603,699,India,19735183.0,118.9,kg,118.9,19735183.0,19628941.0
202603,784,United Arab Emirates,417606.0,0.0,N/A,,417606.0,413003.0
202603,124,Canada,166473.0,1.341,kg,1.341,166473.0,164253.0
202603,376,Israel,165541.0,1.848,kg,1.848,165541.0,163441.0
202603,764,Thailand,132120.0,0.0,N/A,,132120.0,130039.0
202603,392,Japan,83400.0,0.845,kg,0.845,83400.0,81150.0
202603,344,"China, Hong Kong SAR",34378.0,0.0,N/A,,34378.0,34155.0
202603,156,China,32699.0,11.388,kg,11.388,32699.0,30449.0
202603,276,Germany,25503.0,0.505,kg,0.505,25503.0,24668.0
202603,56,Belgium,23351.0,0.006,kg,0.006,23351.0,22281.0
202603,826,United Kingdom,22700.0,0.087,kg,0.087,22700.0,21800.0
202603,792,Türkiye,16650.0,0.0,N/A,,16650.0,16200.0
202603,36,Australia,6374.0,0.036,kg,0.036,6374.0,6367.0
202603,40,Austria,5697.0,0.0,N/A,,5697.0,5247.0
202603,554,New Zealand,5361.0,0.005,kg,0.005,5361.0,4911.0
202603,484,Mexico,3435.0,0.0,N/A,,3435.0,2985.0
202604,0,World,19624279.0,0.0,N/A,,19624279.0,19506233.0
202604,699,India,18394599.0,125.166,kg,125.166,18394599.0,18306775.0
202604,124,Canada,377200.0,0.0,N/A,,377200.0,375490.0
202604,764,Thailand,235440.0,1.273,kg,1.273,235440.0,231188.0
202604,344,"China, Hong Kong SAR",172661.0,0.0,N/A,,172661.0,172060.0
202604,784,United Arab Emirates,100749.0,0.0,N/A,,100749.0,98891.0
202604,376,Israel,79732.0,0.0,N/A,,79732.0,78039.0
202604,276,Germany,77303.0,0.354,kg,0.354,77303.0,75878.0
202604,392,Japan,63500.0,0.27,kg,0.27,63500.0,51100.0
202604,826,United Kingdom,33566.0,0.648,kg,0.648,33566.0,32215.0
202604,156,China,23616.0,0.0,N/A,,23616.0,22266.0
202604,56,Belgium,20887.0,0.05,kg,0.05,20887.0,19186.0
202604,757,Switzerland,14757.0,0.4,kg,0.4,14757.0,14307.0
202604,528,Netherlands,10142.0,0.42,kg,0.42,10142.0,10048.0
202604,36,Australia,6593.0,0.025,kg,0.025,6593.0,6518.0
202604,584,Marshall Isds,5450.0,0.004,kg,0.004,5450.0,5000.0
202604,554,New Zealand,4243.0,2.4,kg,2.4,4243.0,3881.0
202604,608,Philippines,3841.0,0.6,kg,0.6,3841.0,3391.0
202605,0,World,26193512.0,0.0,N/A,,26193512.0,25866220.0
202605,699,India,25301774.0,142.194,kg,142.194,25301774.0,24990833.0
202605,124,Canada,332739.0,2.176,kg,2.176,332739.0,330380.0
202605,764,Thailand,175359.0,1.804,kg,1.804,175359.0,172206.0
202605,784,United Arab Emirates,146404.0,0.0,N/A,,146404.0,144296.0
202605,344,"China, Hong Kong SAR",51506.0,0.0,N/A,,51506.0,50876.0
202605,376,Israel,44449.0,0.225,kg,0.225,44449.0,42991.0
202605,156,China,39202.0,8.582,kg,8.582,39202.0,38124.0
202605,56,Belgium,30587.0,0.034,kg,0.034,30587.0,28738.0
202605,826,United Kingdom,20275.0,0.063,kg,0.063,20275.0,18925.0
202605,40,Austria,16067.0,0.0,N/A,,16067.0,14817.0
202605,276,Germany,11105.0,0.52,kg,0.52,11105.0,10942.0
202605,36,Australia,6560.0,0.454,kg,0.454,6560.0,6110.0
202605,528,Netherlands,4840.0,0.42,kg,0.42,4840.0,4808.0
202605,72,Botswana,4365.0,0.0,N/A,,4365.0,4342.0
202605,208,Denmark,3209.0,0.0,N/A,,3209.0,3110.0
202605,554,New Zealand,3005.0,1.3,kg,1.3,3005.0,2656.0
202605,702,Singapore,2066.0,0.058,kg,0.058,2066.0,2066.0
202606,0,World,18741263.0,0.0,N/A,,18741263.0,18611186.0
202606,699,India,16748857.0,96.809,kg,96.809,16748857.0,16650569.0
202606,784,United Arab Emirates,1303272.0,0.0,N/A,,1303272.0,1290124.0
202606,764,Thailand,139171.0,0.753,kg,0.753,139171.0,137400.0
202606,124,Canada,126342.0,0.0,N/A,,126342.0,124264.0
202606,376,Israel,124926.0,1.145,kg,1.145,124926.0,122025.0
202606,156,China,84342.0,6.283,kg,6.283,84342.0,80076.0
202606,276,Germany,72553.0,3.368,kg,3.368,72553.0,70153.0
202606,392,Japan,37940.0,0.607,kg,0.607,37940.0,37290.0
202606,56,Belgium,33390.0,0.12,kg,0.12,33390.0,32265.0
202606,40,Austria,26402.0,0.0,N/A,,26402.0,25302.0
202606,757,Switzerland,15829.0,0.4,kg,0.4,15829.0,15379.0
202606,702,Singapore,8100.0,0.0,N/A,,8100.0,7200.0
202606,792,Türkiye,7450.0,0.004,kg,0.004,7450.0,7000.0
202606,100,Bulgaria,6404.0,0.001,kg,0.001,6404.0,5954.0
202606,344,"China, Hong Kong SAR",6285.0,0.0,N/A,,6285.0,6185.0
