month,cty_code,country,gen_val_usd,gen_qty,qty_unit,con_val_usd,hts
2024-01,5200,UNITED ARAB EMIRATES,25000,11,NO,28566,7104911000
2024-01,5330,INDIA,98435528,1910319,NO,109887610,7104911000
2024-01,5490,THAILAND,38131,125142,NO,38131,7104911000
2024-01,5600,INDONESIA,125752,265346,NO,125752,7104911000
2024-01,5700,CHINA,97589,8017,NO,97589,7104911000
2024-01,5820,HONG KONG,161754,481,NO,144197,7104911000
2024-01,4120,UNITED KINGDOM,53277,84,NO,53277,7104911000
2024-01,4210,NETHERLANDS,36533,92,NO,36533,7104911000
2024-01,4231,BELGIUM,38157,125,NO,83883,7104911000
2024-01,4330,AUSTRIA,35080,236820,NO,35080,7104911000
2024-01,4419,SWITZERLAND,49700,23,NO,49700,7104911000
2024-01,4890,TURKEY,10000,1,NO,10000,7104911000
2024-01,5081,ISRAEL,1104738,4341,NO,1137722,7104911000
2024-01,-,TOTAL FOR ALL COUNTRIES,100945153,2551222,NO,112461954,7104911000
2024-01,0003,EUROPEAN UNION,109770,237037,NO,155496,7104911000
2024-01,1XXX,NORTH AMERICA,733914,420,NO,733914,7104911000
2024-01,4XXX,EUROPE,222747,237145,NO,268473,7104911000
2024-01,0014,PACIFIC RIM COUNTRIES,385095,273844,NO,367538,7104911000
2024-01,5XXX,ASIA,99988492,2313657,NO,111459567,7104911000
2024-01,0020,USMCA (NAFTA),733914,420,NO,733914,7104911000
2024-01,0022,OECD,2061399,241906,NO,2140109,7104911000
2024-01,0023,NATO,871881,722,NO,917607,7104911000
2024-01,0025,EURO AREA,109770,237037,NO,155496,7104911000
2024-01,0026,APEC,1157140,399406,NO,1139583,7104911000
2024-01,0027,ASEAN,163883,390488,NO,163883,7104911000
2024-01,1220,CANADA,733914,420,NO,733914,7104911000
2024-02,5200,UNITED ARAB EMIRATES,14769,30,NO,11589,7104911000
2024-02,5330,INDIA,92001956,2922305,NO,96318522,7104911000
2024-02,5490,THAILAND,9057,275031,NO,9057,7104911000
2024-02,5590,SINGAPORE,3250,1,NO,3250,7104911000
2024-02,5600,INDONESIA,158952,612,NO,158952,7104911000
2024-02,5700,CHINA,20192,4682,NO,20192,7104911000
2024-02,5820,HONG KONG,121492,421,NO,121492,7104911000
2024-02,6141,NEW ZEALAND,3440,7145,NO,3440,7104911000
2024-02,4120,UNITED KINGDOM,129173,151,NO,129173,7104911000
2024-02,4210,NETHERLANDS,49457,117,NO,49457,7104911000
2024-02,4231,BELGIUM,623150,10975,NO,803005,7104911000
2024-02,4280,GERMANY,29210,31,NO,29210,7104911000
2024-02,4330,AUSTRIA,23225,166312,NO,23225,7104911000
2024-02,4419,SWITZERLAND,0,0,NO,0,7104911000
2024-02,4890,TURKEY,0,0,NO,0,7104911000
2024-02,5081,ISRAEL,1385395,8425,NO,1468061,7104911000
2024-02,-,TOTAL FOR ALL COUNTRIES,94721701,3396416,NO,99498592,7104911000
2024-02,0003,EUROPEAN UNION,725042,177435,NO,904897,7104911000
2024-02,1XXX,NORTH AMERICA,116904,57,NO,317888,7104911000
2024-02,4XXX,EUROPE,854215,177586,NO,1034070,7104911000
2024-02,7XXX,AFRICA,32079,121,NO,32079,7104911000
2024-02,0014,PACIFIC RIM COUNTRIES,307326,12861,NO,307326,7104911000
2024-02,5XXX,ASIA,93715063,3211507,NO,98111115,7104911000
2024-02,6XXX,AUSTRALIA AND OCEANIA,3440,7145,NO,3440,7104911000
2024-02,0020,USMCA (NAFTA),116904,57,NO,317888,7104911000
2024-02,0022,OECD,2359954,193213,NO,2823459,7104911000
2024-02,0023,NATO,947894,11331,NO,1328733,7104911000
2024-02,0025,EURO AREA,725042,177435,NO,904897,7104911000
2024-02,0026,APEC,433287,287949,NO,634271,7104911000
2024-02,0027,ASEAN,171259,275644,NO,171259,7104911000
2024-02,1220,CANADA,116904,57,NO,317888,7104911000
2024-02,7910,SOUTH AFRICA,32079,121,NO,32079,7104911000
2024-03,5200,UNITED ARAB EMIRATES,0,0,NO,0,7104911000
2024-03,5330,INDIA,79612677,2306691,NO,83725014,7104911000
2024-03,5490,THAILAND,174938,6131,NO,150486,7104911000
2024-03,5590,SINGAPORE,0,0,NO,0,7104911000
2024-03,5600,INDONESIA,65247,198,NO,65247,7104911000
2024-03,5700,CHINA,114010,534920,NO,114010,7104911000
2024-03,5820,HONG KONG,3637057,8566,NO,3637057,7104911000
2024-03,6141,NEW ZEALAND,0,0,NO,0,7104911000
2024-03,4120,UNITED KINGDOM,63023,105,NO,63023,7104911000
2024-03,4210,NETHERLANDS,45574,111,NO,45574,7104911000
2024-03,4231,BELGIUM,176621,1670,NO,250950,7104911000
2024-03,4280,GERMANY,0,0,NO,0,7104911000
2024-03,4330,AUSTRIA,7850,161590,NO,7850,7104911000
2024-03,4419,SWITZERLAND,52222,12,NO,52222,7104911000
2024-03,4759,ITALY,16550,4,NO,16550,7104911000
2024-03,4890,TURKEY,12900,130,NO,12900,7104911000
2024-03,5081,ISRAEL,2385072,5568,NO,2240641,7104911000
2024-03,-,TOTAL FOR ALL COUNTRIES,86423389,3025844,NO,90441172,7104911000
2024-03,0003,EUROPEAN UNION,246595,163375,NO,320924,7104911000
2024-03,1XXX,NORTH AMERICA,59648,148,NO,59648,7104911000
2024-03,4XXX,EUROPE,374740,163622,NO,449069,7104911000
2024-03,7XXX,AFRICA,0,0,NO,0,7104911000
2024-03,0014,PACIFIC RIM COUNTRIES,3816314,543684,NO,3816314,7104911000
2024-03,5XXX,ASIA,85989001,2862074,NO,89932455,7104911000
2024-03,6XXX,AUSTRALIA AND OCEANIA,0,0,NO,0,7104911000
2024-03,0020,USMCA (NAFTA),59648,148,NO,59648,7104911000
2024-03,0022,OECD,2819460,169338,NO,2749358,7104911000
2024-03,0023,NATO,374316,2168,NO,448645,7104911000
2024-03,0025,EURO AREA,246595,163375,NO,320924,7104911000
2024-03,0026,APEC,4050900,549963,NO,4026448,7104911000
2024-03,0027,ASEAN,240185,6329,NO,215733,7104911000
2024-03,1220,CANADA,59648,148,NO,59648,7104911000
2024-03,7910,SOUTH AFRICA,0,0,NO,0,7104911000
2024-04,5200,UNITED ARAB EMIRATES,1467695,7162,NO,0,7104911000
2024-04,5330,INDIA,73471565,2247645,NO,82063512,7104911000
2024-04,5490,THAILAND,515122,1521,NO,515122,7104911000
2024-04,5590,SINGAPORE,0,0,NO,0,7104911000
2024-04,5600,INDONESIA,76326,334,NO,76326,7104911000
2024-04,5700,CHINA,239876,892715,NO,239876,7104911000
2024-04,5820,HONG KONG,680773,624,NO,680773,7104911000
2024-04,6021,AUSTRALIA,11176,2,NO,11176,7104911000
2024-04,6141,NEW ZEALAND,0,0,NO,0,7104911000
2024-04,4120,UNITED KINGDOM,44867,82,NO,44867,7104911000
2024-04,4210,NETHERLANDS,39840,134,NO,39840,7104911000
2024-04,4231,BELGIUM,3817541,7859,NO,3752497,7104911000
2024-04,4280,GERMANY,183084,79,NO,183084,7104911000
2024-04,4330,AUSTRIA,31485,292656,NO,31485,7104911000
2024-04,4419,SWITZERLAND,41209,22,NO,41209,7104911000
2024-04,4759,ITALY,0,0,NO,0,7104911000
2024-04,4890,TURKEY,20100,529,NO,20100,7104911000
2024-04,5081,ISRAEL,2337198,10006,NO,1758497,7104911000
2024-04,-,TOTAL FOR ALL COUNTRIES,83661706,3461856,NO,90150705,7104911000
2024-04,0003,EUROPEAN UNION,4071950,300728,NO,4006906,7104911000
2024-04,1XXX,NORTH AMERICA,681549,485,NO,681549,7104911000
2024-04,4XXX,EUROPE,4178126,301361,NO,4113082,7104911000
2024-04,7XXX,AFRICA,2300,1,NO,10792,7104911000
2024-04,0014,PACIFIC RIM COUNTRIES,1008151,893675,NO,1008151,7104911000
2024-04,5XXX,ASIA,78788555,3160007,NO,85334106,7104911000
2024-04,6XXX,AUSTRALIA AND OCEANIA,11176,2,NO,11176,7104911000
2024-04,0020,USMCA (NAFTA),681549,485,NO,681549,7104911000
2024-04,0022,OECD,7208049,311854,NO,6564304,7104911000
2024-04,0023,NATO,4786981,9168,NO,4721937,7104911000
2024-04,0025,EURO AREA,4071950,300728,NO,4006906,7104911000
2024-04,0026,APEC,2204822,895681,NO,2204822,7104911000
2024-04,0027,ASEAN,591448,1855,NO,591448,7104911000
2024-04,1220,CANADA,681549,485,NO,681549,7104911000
2024-04,7910,SOUTH AFRICA,0,0,NO,8492,7104911000
2024-04,7920,NAMIBIA,2300,1,NO,2300,7104911000
2024-05,5200,UNITED ARAB EMIRATES,4242,7,NO,4242,7104911000
2024-05,5330,INDIA,88867594,2162360,NO,99081501,7104911000
2024-05,5490,THAILAND,70784,39569,NO,134243,7104911000
2024-05,5590,SINGAPORE,2350,1,NO,2350,7104911000
2024-05,5600,INDONESIA,131063,667,NO,131063,7104911000
2024-05,5700,CHINA,103195,10385,NO,103195,7104911000
2024-05,5820,HONG KONG,943908,1248,NO,943908,7104911000
2024-05,5880,JAPAN,2080,1300,NO,2080,7104911000
2024-05,6021,AUSTRALIA,10304,3,NO,10304,7104911000
2024-05,6141,NEW ZEALAND,0,0,NO,0,7104911000
2024-05,4120,UNITED KINGDOM,66336,51,NO,66336,7104911000
2024-05,4210,NETHERLANDS,54496,220,NO,54496,7104911000
2024-05,4231,BELGIUM,299900,6210,NO,299900,7104911000
2024-05,4280,GERMANY,357637,326,NO,357637,7104911000
2024-05,4330,AUSTRIA,33974,234426,NO,33974,7104911000
2024-05,4419,SWITZERLAND,0,0,NO,0,7104911000
2024-05,4759,ITALY,0,0,NO,0,7104911000
2024-05,4890,TURKEY,31400,315,NO,31400,7104911000
2024-05,5081,ISRAEL,2622522,15414,NO,2571753,7104911000
2024-05,-,TOTAL FOR ALL COUNTRIES,93923341,2472733,NO,104149938,7104911000
2024-05,0003,EUROPEAN UNION,746007,241182,NO,746007,7104911000
2024-05,1XXX,NORTH AMERICA,321556,231,NO,321556,7104911000
2024-05,4XXX,EUROPE,843743,241548,NO,843743,7104911000
2024-05,7XXX,AFRICA,0,0,NO,0,7104911000
2024-05,0014,PACIFIC RIM COUNTRIES,1192900,13604,NO,1192900,7104911000
2024-05,5XXX,ASIA,92747738,2230951,NO,102974335,7104911000
2024-05,6XXX,AUSTRALIA AND OCEANIA,10304,3,NO,10304,7104911000
2024-05,0020,USMCA (NAFTA),321556,231,NO,321556,7104911000
2024-05,0022,OECD,3800205,258496,NO,3749436,7104911000
2024-05,0023,NATO,1131325,7353,NO,1131325,7104911000
2024-05,0025,EURO AREA,746007,241182,NO,746007,7104911000
2024-05,0026,APEC,1585240,53404,NO,1648699,7104911000
2024-05,0027,ASEAN,204197,40237,NO,267656,7104911000
2024-05,1220,CANADA,321556,231,NO,321556,7104911000
2024-05,7910,SOUTH AFRICA,0,0,NO,0,7104911000
2024-05,7920,NAMIBIA,0,0,NO,0,7104911000
2024-06,5200,UNITED ARAB EMIRATES,2349,1,NO,2349,7104911000
2024-06,5330,INDIA,66199799,2825914,NO,64260636,7104911000
2024-06,5490,THAILAND,332901,4550,NO,276343,7104911000
2024-06,5590,SINGAPORE,0,0,NO,0,7104911000
2024-06,5600,INDONESIA,98315,331,NO,98315,7104911000
2024-06,5700,CHINA,99162,1126,NO,99162,7104911000
2024-06,5820,HONG KONG,441472,574,NO,441471,7104911000
2024-06,5880,JAPAN,0,0,NO,0,7104911000
2024-06,6021,AUSTRALIA,4362,1,NO,4362,7104911000
2024-06,6141,NEW ZEALAND,0,0,NO,0,7104911000
2024-06,4120,UNITED KINGDOM,74508,200,NO,74508,7104911000
2024-06,4210,NETHERLANDS,45253,135,NO,45253,7104911000
2024-06,4231,BELGIUM,992793,3256,NO,992793,7104911000
2024-06,4280,GERMANY,173243,81,NO,173243,7104911000
2024-06,4330,AUSTRIA,12736,38672,NO,12736,7104911000
2024-06,4419,SWITZERLAND,42599,19,NO,42599,7104911000
2024-06,4759,ITALY,0,0,NO,0,7104911000
2024-06,4890,TURKEY,0,0,NO,0,7104911000
2024-06,5081,ISRAEL,1228750,7747,NO,1217949,7104911000
2024-06,-,TOTAL FOR ALL COUNTRIES,69810468,2882710,NO,67795453,7104911000
2024-06,0003,EUROPEAN UNION,1224025,42144,NO,1224025,7104911000
2024-06,1XXX,NORTH AMERICA,45734,86,NO,45734,7104911000
2024-06,4XXX,EUROPE,1341132,42363,NO,1341132,7104911000
2024-06,7XXX,AFRICA,16492,17,NO,8000,7104911000
2024-06,0014,PACIFIC RIM COUNTRIES,643311,2032,NO,643310,7104911000
2024-06,5XXX,ASIA,68402748,2840243,NO,66396225,7104911000
2024-06,6XXX,AUSTRALIA AND OCEANIA,4362,1,NO,4362,7104911000
2024-06,0020,USMCA (NAFTA),45734,86,NO,45734,7104911000
2024-06,0022,OECD,2619978,50197,NO,2609177,7104911000
2024-06,0023,NATO,1331531,3758,NO,1331531,7104911000
2024-06,0025,EURO AREA,1224025,42144,NO,1224025,7104911000
2024-06,0026,APEC,1021946,6668,NO,965387,7104911000
2024-06,0027,ASEAN,431216,4881,NO,374658,7104911000
2024-06,1220,CANADA,45734,86,NO,45734,7104911000
2024-06,7910,SOUTH AFRICA,16492,17,NO,8000,7104911000
2024-06,7920,NAMIBIA,0,0,NO,0,7104911000
2024-07,5200,UNITED ARAB EMIRATES,106073,2791,NO,0,7104911000
2024-07,5330,INDIA,74947788,4748585,NO,84933242,7104911000
2024-07,5490,THAILAND,1564657,9390,NO,1800142,7104911000
2024-07,5520,VIETNAM,5000,1,NO,5000,7104911000
2024-07,5590,SINGAPORE,5253,1,NO,5253,7104911000
2024-07,5600,INDONESIA,226000,906,NO,226000,7104911000
2024-07,5700,CHINA,192456,11054,NO,192456,7104911000
2024-07,5820,HONG KONG,373808,3259,NO,373808,7104911000
2024-07,5880,JAPAN,0,0,NO,0,7104911000
2024-07,6021,AUSTRALIA,23314,11,NO,23314,7104911000
2024-07,6141,NEW ZEALAND,4960,8837,NO,4960,7104911000
2024-07,4120,UNITED KINGDOM,83481,259,NO,83481,7104911000
2024-07,4210,NETHERLANDS,30779,108,NO,80779,7104911000
2024-07,4231,BELGIUM,1837177,3815,NO,1837177,7104911000
2024-07,4280,GERMANY,121864,40,NO,121864,7104911000
2024-07,4330,AUSTRIA,26631,173958,NO,26631,7104911000
2024-07,4419,SWITZERLAND,10163,7,NO,10163,7104911000
2024-07,4759,ITALY,0,0,NO,0,7104911000
2024-07,4890,TURKEY,15100,150,NO,15100,7104911000
2024-07,5081,ISRAEL,1271310,5186,NO,1487844,7104911000
2024-07,-,TOTAL FOR ALL COUNTRIES,81122216,4969824,NO,91503616,7104911000
2024-07,0003,EUROPEAN UNION,2016451,177921,NO,2066451,7104911000
2024-07,1XXX,NORTH AMERICA,276402,1466,NO,276402,7104911000
2024-07,4XXX,EUROPE,2125195,178337,NO,2175195,7104911000
2024-07,7XXX,AFRICA,0,0,NO,0,7104911000
2024-07,0014,PACIFIC RIM COUNTRIES,825791,24068,NO,825791,7104911000
2024-07,5XXX,ASIA,78692345,4781173,NO,89023745,7104911000
2024-07,6XXX,AUSTRALIA AND OCEANIA,28274,8848,NO,28274,7104911000
2024-07,0020,USMCA (NAFTA),276402,1466,NO,276402,7104911000
2024-07,0022,OECD,3701181,193837,NO,3967715,7104911000
2024-07,0023,NATO,2364803,5838,NO,2414803,7104911000
2024-07,0025,EURO AREA,2016451,177921,NO,2066451,7104911000
2024-07,0026,APEC,2671850,34925,NO,2907335,7104911000
2024-07,0027,ASEAN,1800910,10298,NO,2036395,7104911000
2024-07,1220,CANADA,276402,1466,NO,276402,7104911000
2024-07,7910,SOUTH AFRICA,0,0,NO,0,7104911000
2024-07,7920,NAMIBIA,0,0,NO,0,7104911000
2024-08,5200,UNITED ARAB EMIRATES,0,0,NO,0,7104911000
2024-08,5330,INDIA,70234992,5589509,NO,71930838,7104911000
2024-08,5490,THAILAND,3218911,9110,NO,5504812,7104911000
2024-08,5520,VIETNAM,0,0,NO,0,7104911000
2024-08,5590,SINGAPORE,0,0,NO,0,7104911000
2024-08,5600,INDONESIA,143908,629,NO,143908,7104911000
2024-08,5700,CHINA,101479,16202,NO,101479,7104911000
2024-08,5820,HONG KONG,161530,252,NO,161530,7104911000
2024-08,5880,JAPAN,0,0,NO,0,7104911000
2024-08,6021,AUSTRALIA,0,0,NO,0,7104911000
2024-08,6141,NEW ZEALAND,0,0,NO,0,7104911000
2024-08,4120,UNITED KINGDOM,63915,3267,NO,63915,7104911000
2024-08,4210,NETHERLANDS,17659,72,NO,17659,7104911000
2024-08,4231,BELGIUM,34484,24,NO,34484,7104911000
2024-08,4280,GERMANY,249707,85,NO,249707,7104911000
2024-08,4330,AUSTRIA,12295,32742,NO,12295,7104911000
2024-08,4419,SWITZERLAND,11000,3,NO,11000,7104911000
2024-08,4759,ITALY,0,0,NO,0,7104911000
2024-08,4890,TURKEY,15100,150,NO,15100,7104911000
2024-08,5081,ISRAEL,731536,7867,NO,631422,7104911000
2024-08,-,TOTAL FOR ALL COUNTRIES,75308942,5672316,NO,79056845,7104911000
2024-08,0003,EUROPEAN UNION,314145,32923,NO,314145,7104911000
2024-08,1XXX,NORTH AMERICA,178696,139,NO,178696,7104911000
2024-08,4XXX,EUROPE,404160,36343,NO,404160,7104911000
2024-08,7XXX,AFRICA,133730,12265,NO,0,7104911000
2024-08,0014,PACIFIC RIM COUNTRIES,406917,17083,NO,406917,7104911000
2024-08,5XXX,ASIA,74592356,5623569,NO,78473989,7104911000
2024-08,6XXX,AUSTRALIA AND OCEANIA,0,0,NO,0,7104911000
2024-08,0020,USMCA (NAFTA),178696,139,NO,178696,7104911000
2024-08,0022,OECD,1314392,44349,NO,1214278,7104911000
2024-08,0023,NATO,559561,3737,NO,559561,7104911000
2024-08,0025,EURO AREA,314145,32923,NO,314145,7104911000
2024-08,0026,APEC,3804524,26332,NO,6090425,7104911000
2024-08,0027,ASEAN,3362819,9739,NO,5648720,7104911000
2024-08,1220,CANADA,178696,139,NO,178696,7104911000
2024-08,7910,SOUTH AFRICA,133730,12265,NO,0,7104911000
2024-08,7920,NAMIBIA,0,0,NO,0,7104911000
2024-09,5200,UNITED ARAB EMIRATES,9043,10,NO,9043,7104911000
2024-09,5330,INDIA,78815303,5919792,NO,80454747,7104911000
2024-09,5490,THAILAND,6881018,27142,NO,6030943,7104911000
2024-09,5520,VIETNAM,0,0,NO,0,7104911000
2024-09,5590,SINGAPORE,15492,1,NO,15492,7104911000
2024-09,5600,INDONESIA,337538,1609,NO,337538,7104911000
2024-09,5700,CHINA,124639,392726,NO,124639,7104911000
2024-09,5820,HONG KONG,90078,183,NO,90078,7104911000
2024-09,5880,JAPAN,0,0,NO,0,7104911000
2024-09,6021,AUSTRALIA,8538,4,NO,8538,7104911000
2024-09,6141,NEW ZEALAND,0,0,NO,0,7104911000
2024-09,4120,UNITED KINGDOM,105798,321,NO,105798,7104911000
2024-09,4210,NETHERLANDS,33711,108,NO,33711,7104911000
2024-09,4231,BELGIUM,2552285,130,NO,2806018,7104911000
2024-09,4280,GERMANY,4978,576,NO,4978,7104911000
2024-09,4330,AUSTRIA,17409,173070,NO,17409,7104911000
2024-09,4419,SWITZERLAND,20600,6,NO,20600,7104911000
2024-09,4759,ITALY,0,0,NO,0,7104911000
2024-09,4890,TURKEY,16780,1,NO,16780,7104911000
2024-09,5081,ISRAEL,1001530,5734,NO,1001530,7104911000
2024-09,-,TOTAL FOR ALL COUNTRIES,91054416,6521894,NO,92097518,7104911000
2024-09,0003,EUROPEAN UNION,2608383,173884,NO,2862116,7104911000
2024-09,1XXX,NORTH AMERICA,1012724,427,NO,1012724,7104911000
2024-09,4XXX,EUROPE,2751561,174212,NO,3005294,7104911000
2024-09,7XXX,AFRICA,6952,54,NO,6952,7104911000
2024-09,0014,PACIFIC RIM COUNTRIES,576285,394523,NO,576285,7104911000
2024-09,5XXX,ASIA,87274641,6347197,NO,88064010,7104911000
2024-09,6XXX,AUSTRALIA AND OCEANIA,8538,4,NO,8538,7104911000
2024-09,0020,USMCA (NAFTA),1012724,427,NO,1012724,7104911000
2024-09,0022,OECD,4774353,180377,NO,5028086,7104911000
2024-09,0023,NATO,3726276,1563,NO,3980009,7104911000
2024-09,0025,EURO AREA,2608383,173884,NO,2862116,7104911000
2024-09,0026,APEC,8470027,422092,NO,7619952,7104911000
2024-09,0027,ASEAN,7234048,28752,NO,6383973,7104911000
2024-09,1220,CANADA,1012724,427,NO,1012724,7104911000
2024-09,7910,SOUTH AFRICA,0,0,NO,0,7104911000
2024-09,7920,NAMIBIA,0,0,NO,0,7104911000
2024-09,7930,BOTSWANA,6952,54,NO,6952,7104911000
2024-10,5200,UNITED ARAB EMIRATES,559430,15979,NO,213605,7104911000
2024-10,5330,INDIA,96161030,6864231,NO,106864587,7104911000
2024-10,5490,THAILAND,6525536,15726,NO,8577413,7104911000
2024-10,5520,VIETNAM,0,0,NO,0,7104911000
2024-10,5590,SINGAPORE,11333,3,NO,11333,7104911000
2024-10,5600,INDONESIA,225460,431,NO,225460,7104911000
2024-10,5700,CHINA,169625,549841,NO,169625,7104911000
2024-10,5820,HONG KONG,2213691,98764,NO,2213691,7104911000
2024-10,5880,JAPAN,0,0,NO,0,7104911000
2024-10,6021,AUSTRALIA,4660,3,NO,12075,7104911000
2024-10,6141,NEW ZEALAND,0,0,NO,0,7104911000
2024-10,4120,UNITED KINGDOM,54956,129,NO,54956,7104911000
2024-10,4210,NETHERLANDS,32434,138,NO,32434,7104911000
2024-10,4231,BELGIUM,106301,304,NO,106301,7104911000
2024-10,4280,GERMANY,39098,46,NO,39098,7104911000
2024-10,4330,AUSTRIA,24229,291031,NO,24229,7104911000
2024-10,4419,SWITZERLAND,88438,107,NO,88438,7104911000
2024-10,4631,ARMENIA,2203,12,NO,2203,7104911000
2024-10,4759,ITALY,0,0,NO,0,7104911000
2024-10,4890,TURKEY,0,0,NO,0,7104911000
2024-10,5081,ISRAEL,653419,2286,NO,806865,7104911000
2024-10,-,TOTAL FOR ALL COUNTRIES,107326069,7839183,NO,120813230,7104911000
2024-10,0003,EUROPEAN UNION,202062,291519,NO,202062,7104911000
2024-10,1XXX,NORTH AMERICA,454226,152,NO,454226,7104911000
2024-10,4XXX,EUROPE,347659,291767,NO,347659,7104911000
2024-10,7XXX,AFRICA,0,0,NO,916691,7104911000
2024-10,0014,PACIFIC RIM COUNTRIES,2624769,649042,NO,2632184,7104911000
2024-10,5XXX,ASIA,106519524,7547261,NO,119082579,7104911000
2024-10,6XXX,AUSTRALIA AND OCEANIA,4660,3,NO,12075,7104911000
2024-10,0020,USMCA (NAFTA),454226,152,NO,454226,7104911000
2024-10,0022,OECD,1457761,294196,NO,1618622,7104911000
2024-10,0023,NATO,687015,769,NO,687015,7104911000
2024-10,0025,EURO AREA,202062,291519,NO,202062,7104911000
2024-10,0026,APEC,9604531,664920,NO,11663823,7104911000
2024-10,0027,ASEAN,6762329,16160,NO,8814206,7104911000
2024-10,1220,CANADA,454226,152,NO,454226,7104911000
2024-10,7910,SOUTH AFRICA,0,0,NO,916691,7104911000
2024-10,7920,NAMIBIA,0,0,NO,0,7104911000
2024-10,7930,BOTSWANA,0,0,NO,0,7104911000
2024-11,5200,UNITED ARAB EMIRATES,213112,886,NO,213112,7104911000
2024-11,5330,INDIA,50928160,2377517,NO,55091833,7104911000
2024-11,5490,THAILAND,7910458,22094,NO,9702812,7104911000
2024-11,5520,VIETNAM,0,0,NO,0,7104911000
2024-11,5590,SINGAPORE,16023,2,NO,16023,7104911000
2024-11,5600,INDONESIA,114579,471,NO,114579,7104911000
2024-11,5700,CHINA,77100,18220,NO,77100,7104911000
2024-11,5820,HONG KONG,117796,1011,NO,117796,7104911000
2024-11,5880,JAPAN,0,0,NO,0,7104911000
2024-11,6021,AUSTRALIA,10609,3,NO,10609,7104911000
2024-11,6141,NEW ZEALAND,0,0,NO,0,7104911000
2024-11,4120,UNITED KINGDOM,44922,97,NO,44922,7104911000
2024-11,4210,NETHERLANDS,103963,327,NO,103963,7104911000
2024-11,4231,BELGIUM,7925,5,NO,7925,7104911000
2024-11,4280,GERMANY,237072,864,NO,237072,7104911000
2024-11,4330,AUSTRIA,7530,24703,NO,7530,7104911000
2024-11,4419,SWITZERLAND,4778,57,NO,4778,7104911000
2024-11,4631,ARMENIA,22155,151,NO,22155,7104911000
2024-11,4759,ITALY,0,0,NO,0,7104911000
2024-11,4890,TURKEY,15000,262,NO,15000,7104911000
2024-11,5081,ISRAEL,713374,7335,NO,696170,7104911000
2024-11,-,TOTAL FOR ALL COUNTRIES,61322183,2454410,NO,67261006,7104911000
2024-11,0003,EUROPEAN UNION,356490,25899,NO,356490,7104911000
2024-11,1XXX,NORTH AMERICA,777627,405,NO,777627,7104911000
2024-11,4XXX,EUROPE,443345,26466,NO,443345,7104911000
2024-11,7XXX,AFRICA,0,0,NO,0,7104911000
2024-11,0014,PACIFIC RIM COUNTRIES,336107,19707,NO,336107,7104911000
2024-11,5XXX,ASIA,60090602,2427536,NO,66029425,7104911000
2024-11,6XXX,AUSTRALIA AND OCEANIA,10609,3,NO,10609,7104911000
2024-11,0020,USMCA (NAFTA),777627,405,NO,777627,7104911000
2024-11,0022,OECD,1922800,34058,NO,1905596,7104911000
2024-11,0023,NATO,1186509,1960,NO,1186509,7104911000
2024-11,0025,EURO AREA,356490,25899,NO,356490,7104911000
2024-11,0026,APEC,9024192,42206,NO,10816546,7104911000
2024-11,0027,ASEAN,8041060,22567,NO,9833414,7104911000
2024-11,1220,CANADA,777627,405,NO,777627,7104911000
2024-11,7910,SOUTH AFRICA,0,0,NO,0,7104911000
2024-11,7920,NAMIBIA,0,0,NO,0,7104911000
2024-11,7930,BOTSWANA,0,0,NO,0,7104911000
2024-12,5200,UNITED ARAB EMIRATES,3007,6,NO,3007,7104911000
2024-12,5330,INDIA,73114306,3316201,NO,70618927,7104911000
2024-12,5490,THAILAND,699549,3973,NO,1320566,7104911000
2024-12,5520,VIETNAM,0,0,NO,0,7104911000
2024-12,5530,LAOS,111741,4483,NO,111741,7104911000
2024-12,5590,SINGAPORE,5452,1,NO,5452,7104911000
2024-12,5600,INDONESIA,82433,95995,NO,82433,7104911000
2024-12,5700,CHINA,53535,500,NO,53535,7104911000
2024-12,5820,HONG KONG,96959,264,NO,96959,7104911000
2024-12,5880,JAPAN,0,0,NO,0,7104911000
2024-12,6021,AUSTRALIA,0,0,NO,0,7104911000
2024-12,6141,NEW ZEALAND,0,0,NO,0,7104911000
2024-12,4120,UNITED KINGDOM,32657,58,NO,32657,7104911000
2024-12,4210,NETHERLANDS,73907,208,NO,73907,7104911000
2024-12,4231,BELGIUM,0,0,NO,0,7104911000
2024-12,4280,GERMANY,0,0,NO,0,7104911000
2024-12,4330,AUSTRIA,11943,183850,NO,11943,7104911000
2024-12,4419,SWITZERLAND,3000,3,NO,3000,7104911000
2024-12,4631,ARMENIA,0,0,NO,0,7104911000
2024-12,4759,ITALY,0,0,NO,0,7104911000
2024-12,4890,TURKEY,32356,11946,NO,32356,7104911000
2024-12,5081,ISRAEL,626606,10085,NO,626606,7104911000
2024-12,-,TOTAL FOR ALL COUNTRIES,75411039,3629755,NO,73550116,7104911000
2024-12,0003,EUROPEAN UNION,85850,184058,NO,85850,7104911000
2024-12,1XXX,NORTH AMERICA,463588,2182,NO,477027,7104911000
2024-12,4XXX,EUROPE,153863,196065,NO,153863,7104911000
2024-12,7XXX,AFRICA,0,0,NO,0,7104911000
2024-12,0014,PACIFIC RIM COUNTRIES,238379,96760,NO,238379,7104911000
2024-12,5XXX,ASIA,74793588,3431508,NO,72919226,7104911000
2024-12,6XXX,AUSTRALIA AND OCEANIA,0,0,NO,0,7104911000
2024-12,0020,USMCA (NAFTA),463588,2182,NO,477027,7104911000
2024-12,0022,OECD,1244057,208332,NO,1257496,7104911000
2024-12,0023,NATO,602508,14394,NO,615947,7104911000
2024-12,0025,EURO AREA,85850,184058,NO,85850,7104911000
2024-12,0026,APEC,1401516,102915,NO,2035972,7104911000
2024-12,0027,ASEAN,899175,104452,NO,1520192,7104911000
2024-12,1220,CANADA,463588,2182,NO,477027,7104911000
2024-12,7910,SOUTH AFRICA,0,0,NO,0,7104911000
2024-12,7920,NAMIBIA,0,0,NO,0,7104911000
2024-12,7930,BOTSWANA,0,0,NO,0,7104911000
2025-01,5200,UNITED ARAB EMIRATES,4913,8,NO,4913,7104911000
2025-01,5330,INDIA,63784436,5151569,NO,69918697,7104911000
2025-01,5490,THAILAND,42494,46218,NO,9934,7104911000
2025-01,5530,LAOS,11429,1219,NO,11429,7104911000
2025-01,5600,INDONESIA,90134,302,NO,90134,7104911000
2025-01,5700,CHINA,108246,22160,NO,108246,7104911000
2025-01,5820,HONG KONG,97141,197,NO,97141,7104911000
2025-01,6021,AUSTRALIA,9726,2,NO,9726,7104911000
2025-01,4120,UNITED KINGDOM,128042,6588,NO,88633,7104911000
2025-01,4210,NETHERLANDS,52607,201,NO,52607,7104911000
2025-01,4231,BELGIUM,33402,43,NO,33402,7104911000
2025-01,4280,GERMANY,197970,81,NO,197970,7104911000
2025-01,4330,AUSTRIA,18948,387953,NO,18948,7104911000
2025-01,4890,TURKEY,30000,300,NO,30000,7104911000
2025-01,5081,ISRAEL,695638,35731,NO,554865,7104911000
2025-01,-,TOTAL FOR ALL COUNTRIES,65550651,5652950,NO,71472170,7104911000
2025-01,0003,EUROPEAN UNION,302927,388278,NO,302927,7104911000
2025-01,1XXX,NORTH AMERICA,245525,378,NO,245525,7104911000
2025-01,4XXX,EUROPE,460969,395166,NO,421560,7104911000
2025-01,0014,PACIFIC RIM COUNTRIES,305247,22661,NO,305247,7104911000
2025-01,5XXX,ASIA,64834431,5257404,NO,70795359,7104911000
2025-01,6XXX,AUSTRALIA AND OCEANIA,9726,2,NO,9726,7104911000
2025-01,0020,USMCA (NAFTA),245525,378,NO,245525,7104911000
2025-01,0021,TWENTY LATIN AMERICAN REPUBLICS,3561,173,NO,3561,7104911000
2025-01,0022,OECD,1411858,431277,NO,1231676,7104911000
2025-01,0023,NATO,683985,7418,NO,644576,7104911000
2025-01,0024,LAFTA,3561,173,NO,3561,7104911000
2025-01,0025,EURO AREA,302927,388278,NO,302927,7104911000
2025-01,0026,APEC,593266,69257,NO,560706,7104911000
2025-01,0027,ASEAN,144057,47739,NO,111497,7104911000
2025-01,1220,CANADA,241964,205,NO,241964,7104911000
2025-01,2010,MEXICO,3561,173,NO,3561,7104911000
2025-02,5200,UNITED ARAB EMIRATES,7788,2,NO,7788,7104911000
2025-02,5330,INDIA,68116855,4263628,NO,72291431,7104911000
2025-02,5490,THAILAND,8762002,2046674,NO,8799959,7104911000
2025-02,5530,LAOS,0,0,NO,0,7104911000
2025-02,5590,SINGAPORE,6909,2,NO,6909,7104911000
2025-02,5600,INDONESIA,66747,172,NO,66747,7104911000
2025-02,5700,CHINA,40274,598,NO,40274,7104911000
2025-02,5820,HONG KONG,104810,1027,NO,104810,7104911000
2025-02,6021,AUSTRALIA,6208,1,NO,6208,7104911000
2025-02,4120,UNITED KINGDOM,48648,71,NO,48648,7104911000
2025-02,4210,NETHERLANDS,52653,279,NO,52653,7104911000
2025-02,4231,BELGIUM,41009,1100,NO,22754,7104911000
2025-02,4280,GERMANY,299785,155,NO,299785,7104911000
2025-02,4330,AUSTRIA,11189,86520,NO,11189,7104911000
2025-02,4631,ARMENIA,2338,12,NO,2338,7104911000
2025-02,4890,TURKEY,30000,300,NO,30000,7104911000
2025-02,5081,ISRAEL,530019,5538,NO,530019,7104911000
2025-02,-,TOTAL FOR ALL COUNTRIES,78242037,6407403,NO,82424152,7104911000
2025-02,0003,EUROPEAN UNION,404636,88054,NO,386381,7104911000
2025-02,1XXX,NORTH AMERICA,102640,1286,NO,102640,7104911000
2025-02,4XXX,EUROPE,485622,88437,NO,467367,7104911000
2025-02,7XXX,AFRICA,12163,38,NO,0,7104911000
2025-02,0014,PACIFIC RIM COUNTRIES,224948,1800,NO,224948,7104911000
2025-02,5XXX,ASIA,77635404,6317641,NO,81847937,7104911000
2025-02,6XXX,AUSTRALIA AND OCEANIA,6208,1,NO,6208,7104911000
2025-02,0020,USMCA (NAFTA),102640,1286,NO,102640,7104911000
2025-02,0021,TWENTY LATIN AMERICAN REPUBLICS,0,0,NO,0,7104911000
2025-02,0022,OECD,1122151,95250,NO,1103896,7104911000
2025-02,0023,NATO,574735,3191,NO,556480,7104911000
2025-02,0024,LAFTA,0,0,NO,0,7104911000
2025-02,0025,EURO AREA,404636,88054,NO,386381,7104911000
2025-02,0026,APEC,9089590,2049760,NO,9127547,7104911000
2025-02,0027,ASEAN,8835658,2046848,NO,8873615,7104911000
2025-02,1220,CANADA,102640,1286,NO,102640,7104911000
2025-02,2010,MEXICO,0,0,NO,0,7104911000
2025-02,7910,SOUTH AFRICA,12163,38,NO,0,7104911000
2025-03,5200,UNITED ARAB EMIRATES,0,0,NO,0,7104911000
2025-03,5330,INDIA,98363972,5546879,NO,94618565,7104911000
2025-03,5490,THAILAND,6553675,16650,NO,6553675,7104911000
2025-03,5530,LAOS,0,0,NO,0,7104911000
2025-03,5590,SINGAPORE,8914,24,NO,8914,7104911000
2025-03,5600,INDONESIA,76619,425,NO,76619,7104911000
2025-03,5700,CHINA,64876,5533,NO,64876,7104911000
2025-03,5820,HONG KONG,68196,14,NO,68196,7104911000
2025-03,5880,JAPAN,27828,1288,NO,27828,7104911000
2025-03,6021,AUSTRALIA,12403,7,NO,12403,7104911000
2025-03,4120,UNITED KINGDOM,85805,165,NO,85805,7104911000
2025-03,4210,NETHERLANDS,90206,463,NO,90206,7104911000
2025-03,4231,BELGIUM,18862,3559,NO,47604,7104911000
2025-03,4280,GERMANY,150738,76,NO,150738,7104911000
2025-03,4330,AUSTRIA,22535,199749,NO,22535,7104911000
2025-03,4631,ARMENIA,0,0,NO,0,7104911000
2025-03,4890,TURKEY,34070,301,NO,34070,7104911000
2025-03,5081,ISRAEL,300947,1474,NO,300947,7104911000
2025-03,-,TOTAL FOR ALL COUNTRIES,106228411,5777138,NO,102894291,7104911000
2025-03,0003,EUROPEAN UNION,282341,203847,NO,311083,7104911000
2025-03,1XXX,NORTH AMERICA,304113,173,NO,304113,7104911000
2025-03,4XXX,EUROPE,402216,204313,NO,430958,7104911000
2025-03,7XXX,AFRICA,44652,358,NO,427197,7104911000
2025-03,0014,PACIFIC RIM COUNTRIES,258836,7291,NO,258836,7104911000
2025-03,5XXX,ASIA,105465027,5572287,NO,101719620,7104911000
2025-03,6XXX,AUSTRALIA AND OCEANIA,12403,7,NO,12403,7104911000
2025-03,0020,USMCA (NAFTA),304113,173,NO,304113,7104911000
2025-03,0021,TWENTY LATIN AMERICAN REPUBLICS,0,0,NO,0,7104911000
2025-03,0022,OECD,1047507,207255,NO,1076249,7104911000
2025-03,0023,NATO,683794,4737,NO,712536,7104911000
2025-03,0024,LAFTA,0,0,NO,0,7104911000
2025-03,0025,EURO AREA,282341,203847,NO,311083,7104911000
2025-03,0026,APEC,7116624,24114,NO,7116624,7104911000
2025-03,0027,ASEAN,6639208,17099,NO,6639208,7104911000
2025-03,1220,CANADA,304113,173,NO,304113,7104911000
2025-03,2010,MEXICO,0,0,NO,0,7104911000
2025-03,7850,MAURITIUS,42620,357,NO,425165,7104911000
2025-03,7910,SOUTH AFRICA,0,0,NO,0,7104911000
2025-03,7930,BOTSWANA,2032,1,NO,2032,7104911000
2025-04,5200,UNITED ARAB EMIRATES,90015,354,NO,90015,7104911000
2025-04,5330,INDIA,77075657,4058122,NO,75073107,7104911000
2025-04,5490,THAILAND,7269831,38146,NO,7269831,7104911000
2025-04,5530,LAOS,0,0,NO,0,7104911000
2025-04,5590,SINGAPORE,0,0,NO,0,7104911000
2025-04,5600,INDONESIA,11505,37,NO,11505,7104911000
2025-04,5700,CHINA,7034,6,NO,7034,7104911000
2025-04,5820,HONG KONG,2301,1,NO,2301,7104911000
2025-04,5880,JAPAN,0,0,NO,0,7104911000
2025-04,6021,AUSTRALIA,19143,20,NO,19143,7104911000
2025-04,4120,UNITED KINGDOM,104373,438,NO,104373,7104911000
2025-04,4210,NETHERLANDS,74431,314,NO,74431,7104911000
2025-04,4231,BELGIUM,44045,222,NO,0,7104911000
2025-04,4279,FRANCE,4486,35,NO,4486,7104911000
2025-04,4280,GERMANY,195824,90,NO,195824,7104911000
2025-04,4330,AUSTRIA,31206,213165,NO,31206,7104911000
2025-04,4419,SWITZERLAND,6058,2,NO,6058,7104911000
2025-04,4623,UKRAINE,15363,51,NO,15363,7104911000
2025-04,4631,ARMENIA,0,0,NO,0,7104911000
2025-04,4890,TURKEY,0,0,NO,0,7104911000
2025-04,5081,ISRAEL,266617,3189,NO,266617,7104911000
2025-04,-,TOTAL FOR ALL COUNTRIES,85334277,4314254,NO,83287682,7104911000
2025-04,0003,EUROPEAN UNION,349992,213826,NO,305947,7104911000
2025-04,1XXX,NORTH AMERICA,116388,62,NO,116388,7104911000
2025-04,4XXX,EUROPE,475786,214317,NO,431741,7104911000
2025-04,7XXX,AFRICA,0,0,NO,0,7104911000
2025-04,0014,PACIFIC RIM COUNTRIES,39983,64,NO,39983,7104911000
2025-04,5XXX,ASIA,84722960,4099855,NO,82720410,7104911000
2025-04,6XXX,AUSTRALIA AND OCEANIA,19143,20,NO,19143,7104911000
2025-04,0020,USMCA (NAFTA),116388,62,NO,116388,7104911000
2025-04,0021,TWENTY LATIN AMERICAN REPUBLICS,0,0,NO,0,7104911000
2025-04,0022,OECD,862571,217537,NO,818526,7104911000
2025-04,0023,NATO,539547,1161,NO,495502,7104911000
2025-04,0024,LAFTA,0,0,NO,0,7104911000
2025-04,0025,EURO AREA,349992,213826,NO,305947,7104911000
2025-04,0026,APEC,7426202,38272,NO,7426202,7104911000
2025-04,0027,ASEAN,7281336,38183,NO,7281336,7104911000
2025-04,1220,CANADA,116388,62,NO,116388,7104911000
2025-04,2010,MEXICO,0,0,NO,0,7104911000
2025-04,7850,MAURITIUS,0,0,NO,0,7104911000
2025-04,7910,SOUTH AFRICA,0,0,NO,0,7104911000
2025-04,7930,BOTSWANA,0,0,NO,0,7104911000
2025-05,5200,UNITED ARAB EMIRATES,0,0,NO,0,7104911000
2025-05,5330,INDIA,34510741,1955216,NO,34510741,7104911000
2025-05,5490,THAILAND,92573,399,NO,92573,7104911000
2025-05,5530,LAOS,0,0,NO,0,7104911000
2025-05,5590,SINGAPORE,15474,3,NO,15474,7104911000
2025-05,5600,INDONESIA,0,0,NO,0,7104911000
2025-05,5700,CHINA,0,0,NO,0,7104911000
2025-05,5820,HONG KONG,5510,14,NO,5510,7104911000
2025-05,5880,JAPAN,0,0,NO,0,7104911000
2025-05,6021,AUSTRALIA,23091,405,NO,23091,7104911000
2025-05,4120,UNITED KINGDOM,57375,102,NO,57375,7104911000
2025-05,4210,NETHERLANDS,47914,118,NO,47914,7104911000
2025-05,4231,BELGIUM,0,0,NO,0,7104911000
2025-05,4279,FRANCE,22474,4,NO,22474,7104911000
2025-05,4280,GERMANY,13823,640,NO,13823,7104911000
2025-05,4330,AUSTRIA,14045,470000,NO,14045,7104911000
2025-05,4419,SWITZERLAND,37838,2,NO,37838,7104911000
2025-05,4623,UKRAINE,0,0,NO,0,7104911000
2025-05,4631,ARMENIA,0,0,NO,0,7104911000
2025-05,4890,TURKEY,33740,301,NO,33740,7104911000
2025-05,5081,ISRAEL,201453,910,NO,201453,7104911000
2025-05,-,TOTAL FOR ALL COUNTRIES,35495615,2430038,NO,35495615,7104911000
2025-05,0003,EUROPEAN UNION,98256,470762,NO,98256,7104911000
2025-05,1XXX,NORTH AMERICA,419564,1924,NO,419564,7104911000
2025-05,4XXX,EUROPE,227209,471167,NO,227209,7104911000
2025-05,7XXX,AFRICA,0,0,NO,0,7104911000
2025-05,0014,PACIFIC RIM COUNTRIES,44075,422,NO,44075,7104911000
2025-05,5XXX,ASIA,34825751,1956542,NO,34825751,7104911000
2025-05,6XXX,AUSTRALIA AND OCEANIA,23091,405,NO,23091,7104911000
2025-05,0020,USMCA (NAFTA),419564,1924,NO,419564,7104911000
2025-05,0021,TWENTY LATIN AMERICAN REPUBLICS,0,0,NO,0,7104911000
2025-05,0022,OECD,871317,474406,NO,871317,7104911000
2025-05,0023,NATO,594890,3089,NO,594890,7104911000
2025-05,0024,LAFTA,0,0,NO,0,7104911000
2025-05,0025,EURO AREA,98256,470762,NO,98256,7104911000
2025-05,0026,APEC,556212,2745,NO,556212,7104911000
2025-05,0027,ASEAN,108047,402,NO,108047,7104911000
2025-05,1220,CANADA,419564,1924,NO,419564,7104911000
2025-05,2010,MEXICO,0,0,NO,0,7104911000
2025-05,7850,MAURITIUS,0,0,NO,0,7104911000
2025-05,7910,SOUTH AFRICA,0,0,NO,0,7104911000
2025-05,7930,BOTSWANA,0,0,NO,0,7104911000
2025-06,5200,UNITED ARAB EMIRATES,0,0,NO,0,7104911000
2025-06,5330,INDIA,31092108,1924026,NO,31092108,7104911000
2025-06,5490,THAILAND,2196,18,NO,2196,7104911000
2025-06,5530,LAOS,0,0,NO,0,7104911000
2025-06,5590,SINGAPORE,0,0,NO,0,7104911000
2025-06,5600,INDONESIA,0,0,NO,0,7104911000
2025-06,5700,CHINA,9366,2930,NO,9366,7104911000
2025-06,5820,HONG KONG,11591,62,NO,11591,7104911000
2025-06,5880,JAPAN,0,0,NO,0,7104911000
2025-06,6021,AUSTRALIA,3474,3,NO,3474,7104911000
2025-06,4120,UNITED KINGDOM,69642,117,NO,69642,7104911000
2025-06,4210,NETHERLANDS,51705,169,NO,51705,7104911000
2025-06,4231,BELGIUM,0,0,NO,0,7104911000
2025-06,4279,FRANCE,0,0,NO,0,7104911000
2025-06,4280,GERMANY,45506,36,NO,45506,7104911000
2025-06,4330,AUSTRIA,26827,560170,NO,26827,7104911000
2025-06,4419,SWITZERLAND,0,0,NO,0,7104911000
2025-06,4623,UKRAINE,0,0,NO,0,7104911000
2025-06,4631,ARMENIA,0,0,NO,0,7104911000
2025-06,4890,TURKEY,5550,32,NO,5550,7104911000
2025-06,5081,ISRAEL,109825,431,NO,109825,7104911000
2025-06,-,TOTAL FOR ALL COUNTRIES,31757142,2488225,NO,31757142,7104911000
2025-06,0003,EUROPEAN UNION,124038,560375,NO,124038,7104911000
2025-06,1XXX,NORTH AMERICA,329352,231,NO,329352,7104911000
2025-06,4XXX,EUROPE,199230,560524,NO,199230,7104911000
2025-06,7XXX,AFRICA,0,0,NO,0,7104911000
2025-06,0014,PACIFIC RIM COUNTRIES,24431,2995,NO,24431,7104911000
2025-06,5XXX,ASIA,31225086,1927467,NO,31225086,7104911000
2025-06,6XXX,AUSTRALIA AND OCEANIA,3474,3,NO,3474,7104911000
2025-06,0020,USMCA (NAFTA),329352,231,NO,329352,7104911000
2025-06,0021,TWENTY LATIN AMERICAN REPUBLICS,0,0,NO,0,7104911000
2025-06,0022,OECD,641881,561189,NO,641881,7104911000
2025-06,0023,NATO,501755,585,NO,501755,7104911000
2025-06,0024,LAFTA,0,0,NO,0,7104911000
2025-06,0025,EURO AREA,124038,560375,NO,124038,7104911000
2025-06,0026,APEC,355979,3244,NO,355979,7104911000
2025-06,0027,ASEAN,2196,18,NO,2196,7104911000
2025-06,1220,CANADA,329352,231,NO,329352,7104911000
2025-06,2010,MEXICO,0,0,NO,0,7104911000
2025-06,7850,MAURITIUS,0,0,NO,0,7104911000
2025-06,7910,SOUTH AFRICA,0,0,NO,0,7104911000
2025-06,7930,BOTSWANA,0,0,NO,0,7104911000
2025-07,5200,UNITED ARAB EMIRATES,795569,8545,NO,795569,7104911000
2025-07,5330,INDIA,64549560,2818939,NO,64549560,7104911000
2025-07,5490,THAILAND,1268898,4884,NO,1268898,7104911000
2025-07,5530,LAOS,0,0,NO,0,7104911000
2025-07,5590,SINGAPORE,7922,2,NO,7922,7104911000
2025-07,5600,INDONESIA,0,0,NO,0,7104911000
2025-07,5700,CHINA,15176,5776,NO,15176,7104911000
2025-07,5820,HONG KONG,0,0,NO,0,7104911000
2025-07,5880,JAPAN,0,0,NO,0,7104911000
2025-07,6021,AUSTRALIA,0,0,NO,0,7104911000
2025-07,4099,DENMARK,8687,1,NO,8687,7104911000
2025-07,4120,UNITED KINGDOM,77565,150,NO,77565,7104911000
2025-07,4210,NETHERLANDS,64967,201,NO,64967,7104911000
2025-07,4231,BELGIUM,7861,20,NO,7861,7104911000
2025-07,4279,FRANCE,0,0,NO,0,7104911000
2025-07,4280,GERMANY,124285,36,NO,124285,7104911000
2025-07,4330,AUSTRIA,13851,96285,NO,13851,7104911000
2025-07,4419,SWITZERLAND,0,0,NO,0,7104911000
2025-07,4623,UKRAINE,0,0,NO,0,7104911000
2025-07,4631,ARMENIA,0,0,NO,0,7104911000
2025-07,4890,TURKEY,0,0,NO,0,7104911000
2025-07,5081,ISRAEL,84713,1717,NO,84713,7104911000
2025-07,-,TOTAL FOR ALL COUNTRIES,67324771,2939544,NO,67324771,7104911000
2025-07,0003,EUROPEAN UNION,219651,96543,NO,219651,7104911000
2025-07,1XXX,NORTH AMERICA,305717,2988,NO,305717,7104911000
2025-07,4XXX,EUROPE,297216,96693,NO,297216,7104911000
2025-07,7XXX,AFRICA,0,0,NO,0,7104911000
2025-07,0014,PACIFIC RIM COUNTRIES,23098,5778,NO,23098,7104911000
2025-07,5XXX,ASIA,66721838,2839863,NO,66721838,7104911000
2025-07,6XXX,AUSTRALIA AND OCEANIA,0,0,NO,0,7104911000
2025-07,0020,USMCA (NAFTA),305717,2988,NO,305717,7104911000
2025-07,0021,TWENTY LATIN AMERICAN REPUBLICS,0,0,NO,0,7104911000
2025-07,0022,OECD,687646,101398,NO,687646,7104911000
2025-07,0023,NATO,589082,3396,NO,589082,7104911000
2025-07,0024,LAFTA,0,0,NO,0,7104911000
2025-07,0025,EURO AREA,210964,96542,NO,210964,7104911000
2025-07,0026,APEC,1597713,13650,NO,1597713,7104911000
2025-07,0027,ASEAN,1276820,4886,NO,1276820,7104911000
2025-07,1220,CANADA,305717,2988,NO,305717,7104911000
2025-07,2010,MEXICO,0,0,NO,0,7104911000
2025-07,7850,MAURITIUS,0,0,NO,0,7104911000
2025-07,7910,SOUTH AFRICA,0,0,NO,0,7104911000
2025-07,7930,BOTSWANA,0,0,NO,0,7104911000
2025-08,5200,UNITED ARAB EMIRATES,36443,183,NO,36443,7104911000
2025-08,5330,INDIA,51330792,1629635,NO,51330792,7104911000
2025-08,5490,THAILAND,9632,39,NO,9632,7104911000
2025-08,5530,LAOS,0,0,NO,0,7104911000
2025-08,5590,SINGAPORE,0,0,NO,0,7104911000
2025-08,5600,INDONESIA,0,0,NO,0,7104911000
2025-08,5700,CHINA,14397,4701,NO,14397,7104911000
2025-08,5820,HONG KONG,5728,36,NO,5728,7104911000
2025-08,5880,JAPAN,0,0,NO,0,7104911000
2025-08,6021,AUSTRALIA,2089,1,NO,2089,7104911000
2025-08,4099,DENMARK,0,0,NO,0,7104911000
2025-08,4120,UNITED KINGDOM,41651,3045,NO,41651,7104911000
2025-08,4210,NETHERLANDS,50712,159,NO,50712,7104911000
2025-08,4231,BELGIUM,7387,16,NO,7387,7104911000
2025-08,4279,FRANCE,8087,23,NO,8087,7104911000
2025-08,4280,GERMANY,10483,26,NO,10483,7104911000
2025-08,4330,AUSTRIA,41702,284288,NO,41702,7104911000
2025-08,4419,SWITZERLAND,0,0,NO,0,7104911000
2025-08,4623,UKRAINE,0,0,NO,0,7104911000
2025-08,4631,ARMENIA,0,0,NO,0,7104911000
2025-08,4700,SPAIN,50000,1316,NO,50000,7104911000
2025-08,4890,TURKEY,0,0,NO,0,7104911000
2025-08,5081,ISRAEL,27512,672,NO,27512,7104911000
2025-08,-,TOTAL FOR ALL COUNTRIES,51858675,1924424,NO,51858675,7104911000
2025-08,0003,EUROPEAN UNION,168371,285828,NO,168371,7104911000
2025-08,1XXX,NORTH AMERICA,222060,284,NO,222060,7104911000
2025-08,4XXX,EUROPE,210022,288873,NO,210022,7104911000
2025-08,7XXX,AFRICA,0,0,NO,0,7104911000
2025-08,0014,PACIFIC RIM COUNTRIES,22214,4738,NO,22214,7104911000
2025-08,5XXX,ASIA,51424504,1635266,NO,51424504,7104911000
2025-08,6XXX,AUSTRALIA AND OCEANIA,2089,1,NO,2089,7104911000
2025-08,0020,USMCA (NAFTA),222060,284,NO,222060,7104911000
2025-08,0021,TWENTY LATIN AMERICAN REPUBLICS,0,0,NO,0,7104911000
2025-08,0022,OECD,461683,289830,NO,461683,7104911000
2025-08,0023,NATO,390380,4869,NO,390380,7104911000
2025-08,0024,LAFTA,0,0,NO,0,7104911000
2025-08,0025,EURO AREA,168371,285828,NO,168371,7104911000
2025-08,0026,APEC,253906,5061,NO,253906,7104911000
2025-08,0027,ASEAN,9632,39,NO,9632,7104911000
2025-08,1220,CANADA,222060,284,NO,222060,7104911000
2025-08,2010,MEXICO,0,0,NO,0,7104911000
2025-08,7850,MAURITIUS,0,0,NO,0,7104911000
2025-08,7910,SOUTH AFRICA,0,0,NO,0,7104911000
2025-08,7930,BOTSWANA,0,0,NO,0,7104911000
2025-09,5200,UNITED ARAB EMIRATES,1290092,18328,NO,1290092,7104911000
2025-09,5330,INDIA,4409461,362068,NO,4400441,7104911000
2025-09,5490,THAILAND,28324,388,NO,28324,7104911000
2025-09,5530,LAOS,0,0,NO,0,7104911000
2025-09,5590,SINGAPORE,6436,1,NO,6436,7104911000
2025-09,5600,INDONESIA,0,0,NO,0,7104911000
2025-09,5700,CHINA,0,0,NO,0,7104911000
2025-09,5820,HONG KONG,2647,18,NO,2647,7104911000
2025-09,5880,JAPAN,0,0,NO,0,7104911000
2025-09,6021,AUSTRALIA,12610,104,NO,12610,7104911000
2025-09,4099,DENMARK,0,0,NO,0,7104911000
2025-09,4120,UNITED KINGDOM,29753,36,NO,29753,7104911000
2025-09,4210,NETHERLANDS,13087,33,NO,13087,7104911000
2025-09,4231,BELGIUM,61749,285,NO,61749,7104911000
2025-09,4279,FRANCE,0,0,NO,0,7104911000
2025-09,4280,GERMANY,10247,399,NO,10247,7104911000
2025-09,4330,AUSTRIA,16274,120395,NO,16274,7104911000
2025-09,4419,SWITZERLAND,0,0,NO,0,7104911000
2025-09,4623,UKRAINE,0,0,NO,0,7104911000
2025-09,4631,ARMENIA,0,0,NO,0,7104911000
2025-09,4700,SPAIN,0,0,NO,0,7104911000
2025-09,4890,TURKEY,0,0,NO,0,7104911000
2025-09,5081,ISRAEL,79117,826,NO,79117,7104911000
2025-09,-,TOTAL FOR ALL COUNTRIES,6161573,502970,NO,6152553,7104911000
2025-09,0003,EUROPEAN UNION,101357,121112,NO,101357,7104911000
2025-09,1XXX,NORTH AMERICA,201776,89,NO,201776,7104911000
2025-09,4XXX,EUROPE,131110,121148,NO,131110,7104911000
2025-09,7XXX,AFRICA,0,0,NO,0,7104911000
2025-09,0014,PACIFIC RIM COUNTRIES,21693,123,NO,21693,7104911000
2025-09,5XXX,ASIA,5816077,381629,NO,5807057,7104911000
2025-09,6XXX,AUSTRALIA AND OCEANIA,12610,104,NO,12610,7104911000
2025-09,0020,USMCA (NAFTA),201776,89,NO,201776,7104911000
2025-09,0021,TWENTY LATIN AMERICAN REPUBLICS,0,0,NO,0,7104911000
2025-09,0022,OECD,424613,122167,NO,424613,7104911000
2025-09,0023,NATO,316612,842,NO,316612,7104911000
2025-09,0024,LAFTA,0,0,NO,0,7104911000
2025-09,0025,EURO AREA,101357,121112,NO,101357,7104911000
2025-09,0026,APEC,251793,600,NO,251793,7104911000
2025-09,0027,ASEAN,34760,389,NO,34760,7104911000
2025-09,1220,CANADA,201776,89,NO,201776,7104911000
2025-09,2010,MEXICO,0,0,NO,0,7104911000
2025-09,7850,MAURITIUS,0,0,NO,0,7104911000
2025-09,7910,SOUTH AFRICA,0,0,NO,0,7104911000
2025-09,7930,BOTSWANA,0,0,NO,0,7104911000
2025-10,5200,UNITED ARAB EMIRATES,1496881,56300,NO,1496881,7104911000
2025-10,5330,INDIA,5361191,191306,NO,5361191,7104911000
2025-10,5490,THAILAND,1079464,274106,NO,1079464,7104911000
2025-10,5530,LAOS,0,0,NO,0,7104911000
2025-10,5590,SINGAPORE,0,0,NO,0,7104911000
2025-10,5600,INDONESIA,0,0,NO,0,7104911000
2025-10,5700,CHINA,111146,35008,NO,111146,7104911000
2025-10,5820,HONG KONG,11077,1128,NO,11077,7104911000
2025-10,5880,JAPAN,8694,42,NO,8694,7104911000
2025-10,6021,AUSTRALIA,5470,7,NO,5470,7104911000
2025-10,4099,DENMARK,0,0,NO,0,7104911000
2025-10,4120,UNITED KINGDOM,46807,23206,NO,46807,7104911000
2025-10,4210,NETHERLANDS,39212,137,NO,39212,7104911000
2025-10,4231,BELGIUM,71408,52,NO,71408,7104911000
2025-10,4279,FRANCE,0,0,NO,0,7104911000
2025-10,4280,GERMANY,48232,67,NO,48232,7104911000
2025-10,4330,AUSTRIA,26291,485610,NO,26291,7104911000
2025-10,4419,SWITZERLAND,0,0,NO,0,7104911000
2025-10,4623,UKRAINE,0,0,NO,0,7104911000
2025-10,4631,ARMENIA,0,0,NO,0,7104911000
2025-10,4700,SPAIN,0,0,NO,0,7104911000
2025-10,4759,ITALY,3999,27,NO,3999,7104911000
2025-10,4890,TURKEY,6400,1,NO,6400,7104911000
2025-10,5081,ISRAEL,93137,648,NO,93137,7104911000
2025-10,-,TOTAL FOR ALL COUNTRIES,8558293,1067737,NO,8558293,7104911000
2025-10,0003,EUROPEAN UNION,189142,485893,NO,189142,7104911000
2025-10,1XXX,NORTH AMERICA,148884,92,NO,148884,7104911000
2025-10,4XXX,EUROPE,242349,509100,NO,242349,7104911000
2025-10,7XXX,AFRICA,0,0,NO,0,7104911000
2025-10,0014,PACIFIC RIM COUNTRIES,136387,36185,NO,136387,7104911000
2025-10,5XXX,ASIA,8161590,558538,NO,8161590,7104911000
2025-10,6XXX,AUSTRALIA AND OCEANIA,5470,7,NO,5470,7104911000
2025-10,0020,USMCA (NAFTA),148884,92,NO,148884,7104911000
2025-10,0021,TWENTY LATIN AMERICAN REPUBLICS,0,0,NO,0,7104911000
2025-10,0022,OECD,498534,509889,NO,498534,7104911000
2025-10,0023,NATO,364942,23582,NO,364942,7104911000
2025-10,0024,LAFTA,0,0,NO,0,7104911000
2025-10,0025,EURO AREA,189142,485893,NO,189142,7104911000
2025-10,0026,APEC,1364735,310383,NO,1364735,7104911000
2025-10,0027,ASEAN,1079464,274106,NO,1079464,7104911000
2025-10,1220,CANADA,148884,92,NO,148884,7104911000
2025-10,2010,MEXICO,0,0,NO,0,7104911000
2025-10,7850,MAURITIUS,0,0,NO,0,7104911000
2025-10,7910,SOUTH AFRICA,0,0,NO,0,7104911000
2025-10,7930,BOTSWANA,0,0,NO,0,7104911000
2025-11,5200,UNITED ARAB EMIRATES,905215,19848,NO,905215,7104911000
2025-11,5330,INDIA,4562679,242800,NO,4562679,7104911000
2025-11,5490,THAILAND,535929,18931,NO,535929,7104911000
2025-11,5530,LAOS,0,0,NO,0,7104911000
2025-11,5590,SINGAPORE,0,0,NO,0,7104911000
2025-11,5600,INDONESIA,0,0,NO,0,7104911000
2025-11,5700,CHINA,66968,14897,NO,66968,7104911000
2025-11,5820,HONG KONG,0,0,NO,0,7104911000
2025-11,5880,JAPAN,10553,54,NO,10553,7104911000
2025-11,6021,AUSTRALIA,2312,1,NO,2312,7104911000
2025-11,4099,DENMARK,0,0,NO,0,7104911000
2025-11,4120,UNITED KINGDOM,42036,335,NO,42036,7104911000
2025-11,4210,NETHERLANDS,44950,166,NO,44950,7104911000
2025-11,4231,BELGIUM,0,0,NO,0,7104911000
2025-11,4279,FRANCE,0,0,NO,0,7104911000
2025-11,4280,GERMANY,10397,36,NO,10397,7104911000
2025-11,4330,AUSTRIA,26205,205068,NO,26205,7104911000
2025-11,4419,SWITZERLAND,0,0,NO,0,7104911000
2025-11,4623,UKRAINE,0,0,NO,0,7104911000
2025-11,4631,ARMENIA,2650,1,NO,2650,7104911000
2025-11,4700,SPAIN,0,0,NO,0,7104911000
2025-11,4759,ITALY,0,0,NO,0,7104911000
2025-11,4890,TURKEY,24100,246,NO,24100,7104911000
2025-11,5081,ISRAEL,97485,843,NO,97485,7104911000
2025-11,-,TOTAL FOR ALL COUNTRIES,6612657,503440,NO,6612657,7104911000
2025-11,0003,EUROPEAN UNION,81552,205270,NO,81552,7104911000
2025-11,1XXX,NORTH AMERICA,281178,214,NO,281178,7104911000
2025-11,4XXX,EUROPE,150338,205852,NO,150338,7104911000
2025-11,7XXX,AFRICA,0,0,NO,0,7104911000
2025-11,0014,PACIFIC RIM COUNTRIES,79833,14952,NO,79833,7104911000
2025-11,5XXX,ASIA,6178829,297373,NO,6178829,7104911000
2025-11,6XXX,AUSTRALIA AND OCEANIA,2312,1,NO,2312,7104911000
2025-11,0020,USMCA (NAFTA),281178,214,NO,281178,7104911000
2025-11,0021,TWENTY LATIN AMERICAN REPUBLICS,0,0,NO,0,7104911000
2025-11,0022,OECD,539216,206963,NO,539216,7104911000
2025-11,0023,NATO,402661,997,NO,402661,7104911000
2025-11,0024,LAFTA,0,0,NO,0,7104911000
2025-11,0025,EURO AREA,81552,205270,NO,81552,7104911000
2025-11,0026,APEC,896940,34097,NO,896940,7104911000
2025-11,0027,ASEAN,535929,18931,NO,535929,7104911000
2025-11,1220,CANADA,281178,214,NO,281178,7104911000
2025-11,2010,MEXICO,0,0,NO,0,7104911000
2025-11,7850,MAURITIUS,0,0,NO,0,7104911000
2025-11,7910,SOUTH AFRICA,0,0,NO,0,7104911000
2025-11,7930,BOTSWANA,0,0,NO,0,7104911000
2025-12,5200,UNITED ARAB EMIRATES,1089753,56033,NO,1089753,7104911000
2025-12,5330,INDIA,4730398,143879,NO,4730398,7104911000
2025-12,5490,THAILAND,689120,18843,NO,689120,7104911000
2025-12,5530,LAOS,0,0,NO,0,7104911000
2025-12,5590,SINGAPORE,3659,1,NO,3659,7104911000
2025-12,5600,INDONESIA,0,0,NO,0,7104911000
2025-12,5700,CHINA,101605,77269,NO,101605,7104911000
2025-12,5820,HONG KONG,32903,7257,NO,32903,7104911000
2025-12,5830,TAIWAN,3000,200,NO,3000,7104911000
2025-12,5880,JAPAN,14527,65,NO,14527,7104911000
2025-12,6021,AUSTRALIA,3500,14,NO,3500,7104911000
2025-12,3570,ARGENTINA,4495,2,NO,4495,7104911000
2025-12,4099,DENMARK,0,0,NO,0,7104911000
2025-12,4120,UNITED KINGDOM,22272,29,NO,22272,7104911000
2025-12,4210,NETHERLANDS,45393,188,NO,45393,7104911000
2025-12,4231,BELGIUM,4593,16,NO,4593,7104911000
2025-12,4279,FRANCE,2504,1,NO,2504,7104911000
2025-12,4280,GERMANY,17675,37,NO,17675,7104911000
2025-12,4330,AUSTRIA,21555,221455,NO,21555,7104911000
2025-12,4419,SWITZERLAND,0,0,NO,0,7104911000
2025-12,4623,UKRAINE,0,0,NO,0,7104911000
2025-12,4631,ARMENIA,10683,54,NO,10683,7104911000
2025-12,4700,SPAIN,0,0,NO,0,7104911000
2025-12,4759,ITALY,0,0,NO,0,7104911000
2025-12,4890,TURKEY,16200,1,NO,16200,7104911000
2025-12,5081,ISRAEL,68372,1033,NO,68372,7104911000
2025-12,-,TOTAL FOR ALL COUNTRIES,7148328,526511,NO,7148328,7104911000
2025-12,0003,EUROPEAN UNION,91720,221697,NO,91720,7104911000
2025-12,1XXX,NORTH AMERICA,266121,134,NO,266121,7104911000
2025-12,4XXX,EUROPE,140875,221781,NO,140875,7104911000
2025-12,7XXX,AFRICA,0,0,NO,0,7104911000
2025-12,0014,PACIFIC RIM COUNTRIES,159194,84806,NO,159194,7104911000
2025-12,5XXX,ASIA,6733337,304580,NO,6733337,7104911000
2025-12,6XXX,AUSTRALIA AND OCEANIA,3500,14,NO,3500,7104911000
2025-12,0020,USMCA (NAFTA),266121,134,NO,266121,7104911000
2025-12,0021,TWENTY LATIN AMERICAN REPUBLICS,4495,2,NO,4495,7104911000
2025-12,0022,OECD,482712,222973,NO,482712,7104911000
2025-12,0023,NATO,374758,406,NO,374758,7104911000
2025-12,0024,LAFTA,4495,2,NO,4495,7104911000
2025-12,0025,EURO AREA,91720,221697,NO,91720,7104911000
2025-12,0026,APEC,1114435,103783,NO,1114435,7104911000
2025-12,0027,ASEAN,692779,18844,NO,692779,7104911000
2025-12,1220,CANADA,266121,134,NO,266121,7104911000
2025-12,2010,MEXICO,0,0,NO,0,7104911000
2025-12,7850,MAURITIUS,0,0,NO,0,7104911000
2025-12,7910,SOUTH AFRICA,0,0,NO,0,7104911000
2025-12,7930,BOTSWANA,0,0,NO,0,7104911000
2025-12,3XXX,SOUTH AMERICA,4495,2,NO,4495,7104911000
2026-01,5200,UNITED ARAB EMIRATES,1596719,340722,NO,1596719,7104911000
2026-01,5330,INDIA,2849706,27944,NO,2795915,7104911000
2026-01,5490,THAILAND,281329,28456,NO,276329,7104911000
2026-01,5700,CHINA,124067,10457,NO,124067,7104911000
2026-01,5820,HONG KONG,12152,5431,NO,12152,7104911000
2026-01,4190,IRELAND,11050,1600,NO,11050,7104911000
2026-01,4231,BELGIUM,3351,1,NO,3351,7104911000
2026-01,4330,AUSTRIA,5650,23066,NO,5650,7104911000
2026-01,4631,ARMENIA,5084,41,NO,5084,7104911000
2026-01,4759,ITALY,4100,8100,NO,4100,7104911000
2026-01,4890,TURKEY,16200,225,NO,16200,7104911000
2026-01,5081,ISRAEL,85015,681,NO,85015,7104911000
2026-01,-,TOTAL FOR ALL COUNTRIES,5146213,446832,NO,5087422,7104911000
2026-01,0003,EUROPEAN UNION,24151,32767,NO,24151,7104911000
2026-01,1XXX,NORTH AMERICA,151790,108,NO,151790,7104911000
2026-01,4XXX,EUROPE,45435,33033,NO,45435,7104911000
2026-01,0014,PACIFIC RIM COUNTRIES,136219,15888,NO,136219,7104911000
2026-01,5XXX,ASIA,4948988,413691,NO,4890197,7104911000
2026-01,0020,USMCA (NAFTA),151790,108,NO,151790,7104911000
2026-01,0022,OECD,277156,33781,NO,277156,7104911000
2026-01,0023,NATO,175441,8434,NO,175441,7104911000
2026-01,0025,EURO AREA,24151,32767,NO,24151,7104911000
2026-01,0026,APEC,569338,44452,NO,564338,7104911000
2026-01,0027,ASEAN,281329,28456,NO,276329,7104911000
2026-01,1220,CANADA,151790,108,NO,151790,7104911000
2026-02,5200,UNITED ARAB EMIRATES,2181200,419228,NO,2181200,7104911000
2026-02,5330,INDIA,13209393,182038,NO,13209393,7104911000
2026-02,5490,THAILAND,95045,5788,NO,95045,7104911000
2026-02,5590,SINGAPORE,6615,2,NO,6615,7104911000
2026-02,5700,CHINA,19638,17314,NO,19638,7104911000
2026-02,5820,HONG KONG,14532,6404,NO,14532,7104911000
2026-02,6021,AUSTRALIA,24806,2578,NO,24806,7104911000
2026-02,4190,IRELAND,0,0,NO,0,7104911000
2026-02,4231,BELGIUM,0,0,NO,0,7104911000
2026-02,4280,GERMANY,38102,52,NO,38102,7104911000
2026-02,4330,AUSTRIA,26975,71332,NO,26975,7104911000
2026-02,4419,SWITZERLAND,4000,1,NO,4000,7104911000
2026-02,4631,ARMENIA,0,0,NO,0,7104911000
2026-02,4759,ITALY,0,0,NO,0,7104911000
2026-02,4890,TURKEY,16200,225,NO,16200,7104911000
2026-02,5081,ISRAEL,315636,2420,NO,313186,7104911000
2026-02,-,TOTAL FOR ALL COUNTRIES,16075263,710163,NO,16072813,7104911000
2026-02,0003,EUROPEAN UNION,65077,71384,NO,65077,7104911000
2026-02,1XXX,NORTH AMERICA,123121,2781,NO,123121,7104911000
2026-02,4XXX,EUROPE,85277,71610,NO,85277,7104911000
2026-02,0014,PACIFIC RIM COUNTRIES,65591,26298,NO,65591,7104911000
2026-02,5XXX,ASIA,15842059,633194,NO,15839609,7104911000
2026-02,6XXX,AUSTRALIA AND OCEANIA,24806,2578,NO,24806,7104911000
2026-02,0020,USMCA (NAFTA),123121,2781,NO,123121,7104911000
2026-02,0022,OECD,548840,79389,NO,546390,7104911000
2026-02,0023,NATO,177423,3058,NO,177423,7104911000
2026-02,0025,EURO AREA,65077,71384,NO,65077,7104911000
2026-02,0026,APEC,283757,34867,NO,283757,7104911000
2026-02,0027,ASEAN,101660,5790,NO,101660,7104911000
2026-02,1220,CANADA,123121,2781,NO,123121,7104911000
2026-03,5200,UNITED ARAB EMIRATES,413003,102818,NO,413003,7104911000
2026-03,5330,INDIA,19383928,1020113,NO,19383928,7104911000
2026-03,5490,THAILAND,130039,10238,NO,130039,7104911000
2026-03,5590,SINGAPORE,0,0,NO,0,7104911000
2026-03,5700,CHINA,9559,2,NO,9559,7104911000
2026-03,5820,HONG KONG,34155,787,NO,34155,7104911000
2026-03,6021,AUSTRALIA,0,0,NO,0,7104911000
2026-03,4190,IRELAND,0,0,NO,0,7104911000
2026-03,4231,BELGIUM,0,0,NO,0,7104911000
2026-03,4280,GERMANY,13605,30,NO,13605,7104911000
2026-03,4330,AUSTRIA,5247,138,NO,5247,7104911000
2026-03,4419,SWITZERLAND,0,0,NO,0,7104911000
2026-03,4631,ARMENIA,0,0,NO,0,7104911000
2026-03,4759,ITALY,0,0,NO,0,7104911000
2026-03,4890,TURKEY,16200,225,NO,16200,7104911000
2026-03,5081,ISRAEL,153479,1598,NO,153479,7104911000
2026-03,-,TOTAL FOR ALL COUNTRIES,20317948,1137740,NO,20317948,7104911000
2026-03,0003,EUROPEAN UNION,18852,168,NO,18852,7104911000
2026-03,1XXX,NORTH AMERICA,158733,1791,NO,158733,7104911000
2026-03,4XXX,EUROPE,35052,393,NO,35052,7104911000
2026-03,0014,PACIFIC RIM COUNTRIES,43714,789,NO,43714,7104911000
2026-03,5XXX,ASIA,20124163,1135556,NO,20124163,7104911000
2026-03,6XXX,AUSTRALIA AND OCEANIA,0,0,NO,0,7104911000
2026-03,0020,USMCA (NAFTA),158733,1791,NO,158733,7104911000
2026-03,0021,TWENTY LATIN AMERICAN REPUBLICS,2985,1,NO,2985,7104911000
2026-03,0022,OECD,347264,3782,NO,347264,7104911000
2026-03,0023,NATO,185553,2045,NO,185553,7104911000
2026-03,0024,LAFTA,2985,1,NO,2985,7104911000
2026-03,0025,EURO AREA,18852,168,NO,18852,7104911000
2026-03,0026,APEC,332486,12818,NO,332486,7104911000
2026-03,0027,ASEAN,130039,10238,NO,130039,7104911000
2026-03,1220,CANADA,155748,1790,NO,155748,7104911000
2026-03,2010,MEXICO,2985,1,NO,2985,7104911000
2026-04,5200,UNITED ARAB EMIRATES,98891,5393,NO,98891,7104911000
2026-04,5330,INDIA,18085743,1475247,NO,18085743,7104911000
2026-04,5490,THAILAND,218679,59654,NO,218679,7104911000
2026-04,5590,SINGAPORE,0,0,NO,0,7104911000
2026-04,5700,CHINA,22266,6713,NO,22266,7104911000
2026-04,5820,HONG KONG,172060,1489,NO,172060,7104911000
2026-04,6021,AUSTRALIA,0,0,NO,0,7104911000
2026-04,4120,UNITED KINGDOM,5315,1,NO,5315,7104911000
2026-04,4190,IRELAND,0,0,NO,0,7104911000
2026-04,4231,BELGIUM,8019,15,NO,8019,7104911000
2026-04,4280,GERMANY,64728,74,NO,64728,7104911000
2026-04,4330,AUSTRIA,0,0,NO,0,7104911000
2026-04,4419,SWITZERLAND,0,0,NO,0,7104911000
2026-04,4631,ARMENIA,0,0,NO,0,7104911000
2026-04,4759,ITALY,0,0,NO,0,7104911000
2026-04,4890,TURKEY,0,0,NO,0,7104911000
2026-04,5081,ISRAEL,78039,1118,NO,80489,7104911000
2026-04,-,TOTAL FOR ALL COUNTRIES,19129230,1558363,NO,19131680,7104911000
2026-04,0003,EUROPEAN UNION,72747,89,NO,72747,7104911000
2026-04,1XXX,NORTH AMERICA,375490,8659,NO,375490,7104911000
2026-04,4XXX,EUROPE,78062,90,NO,78062,7104911000
2026-04,0014,PACIFIC RIM COUNTRIES,194326,8202,NO,194326,7104911000
2026-04,5XXX,ASIA,18675678,1549614,NO,18678128,7104911000
2026-04,6XXX,AUSTRALIA AND OCEANIA,0,0,NO,0,7104911000
2026-04,0020,USMCA (NAFTA),375490,8659,NO,375490,7104911000
2026-04,0021,TWENTY LATIN AMERICAN REPUBLICS,0,0,NO,0,7104911000
2026-04,0022,OECD,531591,9867,NO,534041,7104911000
2026-04,0023,NATO,453552,8749,NO,453552,7104911000
2026-04,0024,LAFTA,0,0,NO,0,7104911000
2026-04,0025,EURO AREA,72747,89,NO,72747,7104911000
2026-04,0026,APEC,788495,76515,NO,788495,7104911000
2026-04,0027,ASEAN,218679,59654,NO,218679,7104911000
2026-04,1220,CANADA,375490,8659,NO,375490,7104911000
2026-04,2010,MEXICO,0,0,NO,0,7104911000
2026-05,5200,UNITED ARAB EMIRATES,144296,9979,NO,144296,7104911000
2026-05,5330,INDIA,24785904,1510278,NO,21880684,7104911000
2026-05,5490,THAILAND,142268,33129,NO,142268,7104911000
2026-05,5590,SINGAPORE,0,0,NO,0,7104911000
2026-05,5700,CHINA,2249,114,NO,2249,7104911000
2026-05,5820,HONG KONG,50876,187,NO,50876,7104911000
2026-05,6021,AUSTRALIA,0,0,NO,0,7104911000
2026-05,4099,DENMARK,3110,1,NO,3110,7104911000
2026-05,4120,UNITED KINGDOM,0,0,NO,0,7104911000
2026-05,4190,IRELAND,0,0,NO,0,7104911000
2026-05,4231,BELGIUM,4931,11,NO,4931,7104911000
2026-05,4280,GERMANY,0,0,NO,0,7104911000
2026-05,4330,AUSTRIA,14817,10733,NO,14817,7104911000
2026-05,4419,SWITZERLAND,0,0,NO,0,7104911000
2026-05,4631,ARMENIA,0,0,NO,0,7104911000
2026-05,4759,ITALY,0,0,NO,0,7104911000
2026-05,4890,TURKEY,0,0,NO,0,7104911000
2026-05,5081,ISRAEL,40574,996,NO,40574,7104911000
2026-05,-,TOTAL FOR ALL COUNTRIES,25514182,1566368,NO,22608962,7104911000
2026-05,0003,EUROPEAN UNION,22858,10745,NO,22858,7104911000
2026-05,1XXX,NORTH AMERICA,320815,939,NO,320815,7104911000
2026-05,4XXX,EUROPE,22858,10745,NO,22858,7104911000
2026-05,7XXX,AFRICA,4342,1,NO,4342,7104911000
2026-05,0014,PACIFIC RIM COUNTRIES,53125,301,NO,53125,7104911000
2026-05,5XXX,ASIA,25166167,1554683,NO,22260947,7104911000
2026-05,6XXX,AUSTRALIA AND OCEANIA,0,0,NO,0,7104911000
2026-05,0020,USMCA (NAFTA),320815,939,NO,320815,7104911000
2026-05,0021,TWENTY LATIN AMERICAN REPUBLICS,0,0,NO,0,7104911000
2026-05,0022,OECD,384247,12680,NO,384247,7104911000
2026-05,0023,NATO,328856,951,NO,328856,7104911000
2026-05,0024,LAFTA,0,0,NO,0,7104911000
2026-05,0025,EURO AREA,19748,10744,NO,19748,7104911000
2026-05,0026,APEC,516208,34369,NO,516208,7104911000
2026-05,0027,ASEAN,142268,33129,NO,142268,7104911000
2026-05,1220,CANADA,320815,939,NO,320815,7104911000
2026-05,2010,MEXICO,0,0,NO,0,7104911000
2026-05,7930,BOTSWANA,4342,1,NO,4342,7104911000
2026-06,5200,UNITED ARAB EMIRATES,1290124,7313,NO,1290124,7104911000
2026-06,5330,INDIA,16463129,1104672,NO,16422506,7104911000
2026-06,5490,THAILAND,134998,8531,NO,134998,7104911000
2026-06,5590,SINGAPORE,7200,2,NO,7200,7104911000
2026-06,5700,CHINA,28807,255784,NO,28807,7104911000
2026-06,5820,HONG KONG,6185,36,NO,6185,7104911000
2026-06,5880,JAPAN,19790,5,NO,19790,7104911000
2026-06,6021,AUSTRALIA,0,0,NO,0,7104911000
2026-06,4099,DENMARK,0,0,NO,0,7104911000
2026-06,4120,UNITED KINGDOM,0,0,NO,0,7104911000
2026-06,4190,IRELAND,0,0,NO,0,7104911000
2026-06,4231,BELGIUM,9669,852,NO,3478,7104911000
2026-06,4280,GERMANY,46126,87,NO,46126,7104911000
2026-06,4330,AUSTRIA,25302,20985,NO,25302,7104911000
2026-06,4419,SWITZERLAND,0,0,NO,0,7104911000
2026-06,4631,ARMENIA,0,0,NO,0,7104911000
2026-06,4759,ITALY,0,0,NO,0,7104911000
2026-06,4890,TURKEY,0,0,NO,0,7104911000
2026-06,5081,ISRAEL,117583,3323,NO,117583,7104911000
2026-06,-,TOTAL FOR ALL COUNTRIES,18273177,1401926,NO,18226363,7104911000
2026-06,0003,EUROPEAN UNION,81097,21924,NO,74906,7104911000
2026-06,1XXX,NORTH AMERICA,124264,336,NO,124264,7104911000
2026-06,4XXX,EUROPE,81097,21924,NO,74906,7104911000
2026-06,7XXX,AFRICA,0,0,NO,0,7104911000
2026-06,0014,PACIFIC RIM COUNTRIES,61982,255827,NO,61982,7104911000
2026-06,5XXX,ASIA,18067816,1379666,NO,18027193,7104911000
2026-06,6XXX,AUSTRALIA AND OCEANIA,0,0,NO,0,7104911000
2026-06,0020,USMCA (NAFTA),124264,336,NO,124264,7104911000
2026-06,0021,TWENTY LATIN AMERICAN REPUBLICS,0,0,NO,0,7104911000
2026-06,0022,OECD,342734,25588,NO,336543,7104911000
2026-06,0023,NATO,180059,1275,NO,173868,7104911000
2026-06,0024,LAFTA,0,0,NO,0,7104911000
2026-06,0025,EURO AREA,81097,21924,NO,74906,7104911000
2026-06,0026,APEC,321244,264694,NO,321244,7104911000
2026-06,0027,ASEAN,142198,8533,NO,142198,7104911000
2026-06,1220,CANADA,124264,336,NO,124264,7104911000
2026-06,2010,MEXICO,0,0,NO,0,7104911000
2026-06,7930,BOTSWANA,0,0,NO,0,7104911000
